https://www.dreamgirlsreno.com/~Reno Escorts | Lovely Girls At Dream Girls Reno | Nevada~ If you are searching for Reno escorts for your stay in Reno, please visit us.Our choices of sexy escorts in Reno are second to none - Dream Girls Reno.
https://www.dreamgirlsreno.com/erotic-massage.php~Best Reno Erotic Massage - Dream Girls Reno | Nevada~Get the best erotic massage service in Reno. We offer you treatment thatâ€™s mixed with the customary processes along with some sensual ability.
https://www.dreamgirlsreno.com/escorts-profile.php?escort_id=606~Hire Brunette Hair Reno Escort Girl Nana- Dream Girls Reno | Nevada~I am Brunette hair sexy escort girl Nana, waiting for you at Dream Girls Reno
https://www.dreamgirlsreno.com/escorts-profile.php?escort_id=609~Hire Brunette Hair Reno Escort Girl Silk- Dream Girls Reno | Nevada~I am Brunette hair sexy escort girl Silk, waiting for you at Dream Girls Reno
https://www.dreamgirlsreno.com/escorts-profile.php?escort_id=608~Hire Brunette Hair Reno Escort Girl Shanshan- Dream Girls Reno | Nevada~I am Brunette hair sexy escort girl Shanshan, waiting for you at Dream Girls Reno
https://www.dreamgirlsreno.com/escorts-profile.php?escort_id=605~Hire Brunette Hair Reno Escort Girl Kimura- Dream Girls Reno | Nevada~I am Brunette hair sexy escort girl Kimura, waiting for you at Dream Girls Reno
https://www.dreamgirlsreno.com/escorts-profile.php?escort_id=607~Hire Brunette Hair Reno Escort Girl Sandy- Dream Girls Reno | Nevada~I am Brunette hair sexy escort girl Sandy, waiting for you at Dream Girls Reno
https://www.dreamgirlsreno.com/escorts-profile.php?escort_id=604~Hire Brunette Hair Reno Escort Girl Anna- Dream Girls Reno | Nevada~I am Brunette hair sexy escort girl Anna, waiting for you at Dream Girls Reno
https://www.dreamgirlsreno.com/escorts-profile.php?escort_id=617~Hire Black Hair Reno Escort Girl Venessa- Dream Girls Reno | Nevada~I am Black hair sexy escort girl Venessa, waiting for you at Dream Girls Reno
https://www.dreamgirlsreno.com/escorts-profile.php?escort_id=616~Hire Black Hair Reno Escort Girl Maria- Dream Girls Reno | Nevada~I am Black hair sexy escort girl Maria, waiting for you at Dream Girls Reno
https://www.dreamgirlsreno.com/about.php~About Us - Sexy Reno Escorts At Dream Girls Reno | Nevada~Welcome to Dream Girls Reno, a leading escort service provider with the best quality in Reno. To know our services, please visit our page.
https://www.dreamgirlsreno.com/escorts-profile.php?escort_id=619~Hire Blonde Hair Reno Escort Girl Emali- Dream Girls Reno | Nevada~I am Blonde hair sexy escort girl Emali, waiting for you at Dream Girls Reno
https://www.dreamgirlsreno.com/escorts-profile.php?escort_id=618~Hire Black Hair Reno Escort Girl Wendy- Dream Girls Reno | Nevada~I am Black hair sexy escort girl Wendy, waiting for you at Dream Girls Reno
https://www.dreamgirlsreno.com/ebony-escorts.php~Sexy Reno Ebony Escorts - Dream Girls Reno | Nevada~If you are thinking to get the best quality ebony escort in Reno, don't think too much. Feel free to visit our page and hire one of your choices.
https://www.dreamgirlsreno.com/escorts-profile.php?escort_id=615~Hire Black Hair Reno Escort Girl Kinky- Dream Girls Reno | Nevada~I am Black hair sexy escort girl Kinky, waiting for you at Dream Girls Reno
https://www.dreamgirlsreno.com/escorts-profile.php?escort_id=614~Hire Black Hair Reno Escort Girl Carol- Dream Girls Reno | Nevada~I am Black hair sexy escort girl Carol, waiting for you at Dream Girls Reno
https://www.dreamgirlsreno.com/booking.php~Booking - Sexy Reno Escorts At Dream Girls Reno | Nevada~Book to hire a sexy Reno escorts at Dream Girls Reno, you must find any one of your choices. We assure you will come back again.
https://www.dreamgirlsreno.com/escorts-profile.php?escort_id=621~Hire Blonde Hair Reno Escort Girl Lauren- Dream Girls Reno | Nevada~I am Blonde hair sexy escort girl Lauren, waiting for you at Dream Girls Reno
https://www.dreamgirlsreno.com/escorts-profile.php?escort_id=622~Hire Blonde Hair Reno Escort Girl Taime- Dream Girls Reno | Nevada~I am Blonde hair sexy escort girl Taime, waiting for you at Dream Girls Reno
https://www.dreamgirlsreno.com/escorts-profile.php?escort_id=620~Hire Brunette Hair Reno Escort Girl Honey- Dream Girls Reno | Nevada~I am Brunette hair sexy escort girl Honey, waiting for you at Dream Girls Reno
https://www.dreamgirlsreno.com/escorts-profile.php?escort_id=629~Hire Brunette Hair Reno Escort Girl Livia- Dream Girls Reno | Nevada~I am Brunette hair sexy escort girl Livia, waiting for you at Dream Girls Reno
https://www.dreamgirlsreno.com/escorts-profile.php?escort_id=627~Hire Brunette Hair Reno Escort Girl Flavia- Dream Girls Reno | Nevada~I am Brunette hair sexy escort girl Flavia, waiting for you at Dream Girls Reno
https://www.dreamgirlsreno.com/escorts-profile.php?escort_id=628~Hire Blonde Hair Reno Escort Girl Khloe- Dream Girls Reno | Nevada~I am Blonde hair sexy escort girl Khloe, waiting for you at Dream Girls Reno
https://www.dreamgirlsreno.com/escorts-profile.php?escort_id=623~Hire Brunette Hair Reno Escort Girl Utano- Dream Girls Reno | Nevada~I am Brunette hair sexy escort girl Utano, waiting for you at Dream Girls Reno
https://www.dreamgirlsreno.com/escorts-profile.php?escort_id=625~Hire Brunette Hair Reno Escort Girl Angelina- Dream Girls Reno | Nevada~I am Brunette hair sexy escort girl Angelina, waiting for you at Dream Girls Reno
https://www.dreamgirlsreno.com/escorts-profile.php?escort_id=626~Hire Brunette Hair Reno Escort Girl Carol- Dream Girls Reno | Nevada~I am Brunette hair sexy escort girl Carol, waiting for you at Dream Girls Reno
https://www.dreamgirlsreno.com/escorts-profile.php?escort_id=624~Hire Brunette Hair Reno Escort Girl Amber- Dream Girls Reno | Nevada~I am Brunette hair sexy escort girl Amber, waiting for you at Dream Girls Reno
https://www.dreamgirlsreno.com/escorts-profile.php?escort_id=630~Hire Blonde Hair Reno Escort Girl Monica- Dream Girls Reno | Nevada~I am Blonde hair sexy escort girl Monica, waiting for you at Dream Girls Reno
https://www.dreamgirlsreno.com/escorts-profile.php?escort_id=632~Hire Brunette Hair Reno Escort Girl Susan- Dream Girls Reno | Nevada~I am Brunette hair sexy escort girl Susan, waiting for you at Dream Girls Reno
https://www.dreamgirlsreno.com/escorts-profile.php?escort_id=633~Hire Black Hair Reno Escort Girl Victoria- Dream Girls Reno | Nevada~I am Black hair sexy escort girl Victoria, waiting for you at Dream Girls Reno
https://www.dreamgirlsreno.com/escorts-profile.php?escort_id=631~Hire Blonde Hair Reno Escort Girl Sophie- Dream Girls Reno | Nevada~I am Blonde hair sexy escort girl Sophie, waiting for you at Dream Girls Reno
https://www.dreamgirlsreno.com/escorts-profile.php?escort_id=638~Hire Brunette Hair Reno Escort Girl Natasha- Dream Girls Reno | Nevada~I am Brunette hair sexy escort girl Natasha, waiting for you at Dream Girls Reno
https://www.dreamgirlsreno.com/escorts-profile.php?escort_id=636~Hire Blonde Hair Reno Escort Girl Gabriella- Dream Girls Reno | Nevada~I am Blonde hair sexy escort girl Gabriella, waiting for you at Dream Girls Reno
https://www.dreamgirlsreno.com/escorts-profile.php?escort_id=639~Hire Brunette Hair Reno Escort Girl Nicole- Dream Girls Reno | Nevada~I am Brunette hair sexy escort girl Nicole, waiting for you at Dream Girls Reno
https://www.dreamgirlsreno.com/escorts-profile.php?escort_id=637~Hire Black Hair Reno Escort Girl Nataly- Dream Girls Reno | Nevada~I am Black hair sexy escort girl Nataly, waiting for you at Dream Girls Reno
https://www.dreamgirlsreno.com/escorts-profile.php?escort_id=635~Hire Blonde Hair Reno Escort Girl Annie- Dream Girls Reno | Nevada~I am Blonde hair sexy escort girl Annie, waiting for you at Dream Girls Reno
https://www.dreamgirlsreno.com/bbw-escorts.php~Sexy Reno BBW Escorts - Dream Girls Reno | Nevada~If you want to hire the best BBW escort in Reno, we, Dream Girls Reno, as an agency can ensure - you must come back again and again.
https://www.dreamgirlsreno.com/escorts-profile.php?escort_id=634~Hire Blonde Hair Reno Escort Girl Viona- Dream Girls Reno | Nevada~I am Blonde hair sexy escort girl Viona, waiting for you at Dream Girls Reno
https://www.dreamgirlsreno.com/body-rubs.php~Best Reno Body Rubs - Dream Girls Reno | Nevada~We invite you to call us up and place your inquiry at Dream Girls Reno if you are interested to enjoy the most memorable moments in Reno body rubs.
https://www.dreamgirlsreno.com/asian-escorts.php~Sexy Reno Asian Escorts - Dream Girls Reno | Nevada~Asian Escorts in Reno have captivated the hearts of men. To make your moments memorable in Reno, don't wait to book one of our sexy escorts - Dream Girls Reno.
https://www.dreamgirlsreno.com/employment.php~Join Us To Start Your Dream Career In Reno - Dream Girls Reno | Nevada~To explore yourself as an upscale Reno escort, you can join us here at Dream Girls Reno. We can make your dream come true really.
https://www.dreamgirlsreno.com/contact.php~Contact Us - Sexy Reno Escorts At Dream Girls Reno | Nevada~Contact us for anything you want to know. We, Dream Girls Reno, a premier escort agency in Reno are open for 24/7.
https://www.dreamgirlsreno.com/mature-escorts.php~Sexy Reno Mature Escorts - Dream Girls Reno | Nevada~We provide the best quality mature escorts in Reno. No matter what your preference is, we can assure our escorts can help you out with your needs - Dream Girls Reno.
https://www.dreamgirlsreno.com/massage-profile.php?escort_id=7~Hire Brunette Hair Reno Escort Girl Monika- Dream Girls Reno | Nevada~I am Brunette hair sexy escort girl Monika, waiting for you at Dream Girls Reno
https://www.dreamgirlsreno.com/massage-profile.php?escort_id=8~Hire Brunette Hair Reno Escort Girl Sara- Dream Girls Reno | Nevada~I am Brunette hair sexy escort girl Sara, waiting for you at Dream Girls Reno
https://www.dreamgirlsreno.com/massage-profile.php?escort_id=3~Hire Brunette Hair Reno Escort Girl Sonya- Dream Girls Reno | Nevada~I am Brunette hair sexy escort girl Sonya, waiting for you at Dream Girls Reno
https://www.dreamgirlsreno.com/massage-profile.php?escort_id=9~Hire Blonde Hair Reno Escort Girl Yana- Dream Girls Reno | Nevada~I am Blonde hair sexy escort girl Yana, waiting for you at Dream Girls Reno
https://www.dreamgirlsreno.com/massage-profile.php?escort_id=5~Hire Brunette Hair Reno Escort Girl Alina- Dream Girls Reno | Nevada~I am Brunette hair sexy escort girl Alina, waiting for you at Dream Girls Reno
https://www.dreamgirlsreno.com/massage-profile.php?escort_id=2~Hire Brunette Hair Reno Escort Girl Manha- Dream Girls Reno | Nevada~I am Brunette hair sexy escort girl Manha, waiting for you at Dream Girls Reno
https://www.dreamgirlsreno.com/massage-profile.php?escort_id=4~Hire Blonde Hair Reno Escort Girl Uliya- Dream Girls Reno | Nevada~I am Blonde hair sexy escort girl Uliya, waiting for you at Dream Girls Reno
https://www.dreamgirlsreno.com/massage-profile.php?escort_id=6~Hire Brunette Hair Reno Escort Girl Lana- Dream Girls Reno | Nevada~I am Brunette hair sexy escort girl Lana, waiting for you at Dream Girls Reno
https://www.dreamgirlsreno.com/massage-profile.php?escort_id=1~Hire Blonde Hair Reno Escort Girl Elina- Dream Girls Reno | Nevada~I am Blonde hair sexy escort girl Elina, waiting for you at Dream Girls Reno
