https://www.dreamgirlssaltlakecity.com/~Salt Lake City Escorts | Sexy Babes At Dream Girls Salt Lake City | Utah~Make the appointment today, and you will find your dream Salt Lake City escort with you in less than 30 minutes - Dream Girls Salt Lake City.
https://www.dreamgirlssaltlakecity.com/escorts-profile.php?escort_id=344~Salt Lake City Escort Minaj's Profile - Dream Girls Salt Lake City | Utah~Let Minaj become your Salt Lake City escort girl. Do not waste your time and call Dream Girls Salt Lake City agency now.
https://www.dreamgirlssaltlakecity.com/escorts-profile.php?escort_id=347~Salt Lake City Escort Kristy's Profile - Dream Girls Salt Lake City | Utah~Let Kristy become your Salt Lake City escort girl. Do not waste your time and call Dream Girls Salt Lake City agency now.
https://www.dreamgirlssaltlakecity.com/booking.php~Book Escort Girls At Dream Girls Salt Lake City Agency | Utah~Fill our online booking form to hire youe perfect Salt Lake City escort girl. She will come to you in 30 minutes or less - Dream Girls Salt Lake City.
https://www.dreamgirlssaltlakecity.com/escorts-profile.php?escort_id=348~Salt Lake City Escort Irina's Profile - Dream Girls Salt Lake City | Utah~Let Irina become your Salt Lake City escort girl. Do not waste your time and call Dream Girls Salt Lake City agency now.
https://www.dreamgirlssaltlakecity.com/escorts-profile.php?escort_id=349~Salt Lake City Escort Emily's Profile - Dream Girls Salt Lake City | Utah~Let Emily become your Salt Lake City escort girl. Do not waste your time and call Dream Girls Salt Lake City agency now.
https://www.dreamgirlssaltlakecity.com/contact.php~Contact Dream Girls Salt Lake City Agency 24 Hours A Day | Utah~Find contact information of Dream Girls Salt Lake City agency. You'll not be dissapointed with our services.
https://www.dreamgirlssaltlakecity.com/blonde-escorts.php~Blonde Escorts In Salt Lake City At Dream Girls Salt Lake City | Utah~Do not hesitate to call us for Salt Lake City blonde escorts! Life is too short to let these wonderful women pass you by - Dream Girls Salt Lake City
https://www.dreamgirlssaltlakecity.com/escorts-profile.php?escort_id=346~Salt Lake City Escort Lenore's Profile - Dream Girls Salt Lake City | Utah~Let Lenore become your Salt Lake City escort girl. Do not waste your time and call Dream Girls Salt Lake City agency now.
https://www.dreamgirlssaltlakecity.com/escorts-profile.php?escort_id=345~Salt Lake City Escort Macy's Profile - Dream Girls Salt Lake City | Utah~Let Macy become your Salt Lake City escort girl. Do not waste your time and call Dream Girls Salt Lake City agency now.
https://www.dreamgirlssaltlakecity.com/escorts-profile.php?escort_id=350~Salt Lake City Escort Camille's Profile - Dream Girls Salt Lake City | Utah~Let Camille become your Salt Lake City escort girl. Do not waste your time and call Dream Girls Salt Lake City agency now.
https://www.dreamgirlssaltlakecity.com/escorts-profile.php?escort_id=353~Salt Lake City Escort Aysel's Profile - Dream Girls Salt Lake City | Utah~Let Aysel become your Salt Lake City escort girl. Do not waste your time and call Dream Girls Salt Lake City agency now.
https://www.dreamgirlssaltlakecity.com/escorts-profile.php?escort_id=352~Salt Lake City Escort Azalea's Profile - Dream Girls Salt Lake City | Utah~Let Azalea become your Salt Lake City escort girl. Do not waste your time and call Dream Girls Salt Lake City agency now.
https://www.dreamgirlssaltlakecity.com/escorts-profile.php?escort_id=351~Salt Lake City Escort Brandy's Profile - Dream Girls Salt Lake City | Utah~Let Brandy become your Salt Lake City escort girl. Do not waste your time and call Dream Girls Salt Lake City agency now.
https://www.dreamgirlssaltlakecity.com/about.php~Read About Dream Girls Salt Lake City Agency | Utah~Give us a call, and we will be more than glad to answer any of your questions - Dream Girls Salt Lake City.
https://www.dreamgirlssaltlakecity.com/escorts-profile.php?escort_id=354~Salt Lake City Escort Christine's Profile - Dream Girls Salt Lake City | Utah~Let Christine become your Salt Lake City escort girl. Do not waste your time and call Dream Girls Salt Lake City agency now.
https://www.dreamgirlssaltlakecity.com/brunette-escorts.php~Brunette Escorts In Salt Lake City At Dream Girls Salt Lake City | Utah~Youâ€™re welcome to hire any of our Dream Girls Salt Lake City brunette escorts and spend the best moments of your life here in Utah.
https://www.dreamgirlssaltlakecity.com/escorts-profile.php?escort_id=342~Salt Lake City Escort Vanessa's Profile - Dream Girls Salt Lake City | Utah~Let Vanessa become your Salt Lake City escort girl. Do not waste your time and call Dream Girls Salt Lake City agency now.
https://www.dreamgirlssaltlakecity.com/escorts-profile.php?escort_id=343~Salt Lake City Escort Nicole's Profile - Dream Girls Salt Lake City | Utah~Let Nicole become your Salt Lake City escort girl. Do not waste your time and call Dream Girls Salt Lake City agency now.
https://www.dreamgirlssaltlakecity.com/escorts-profile.php?escort_id=367~Salt Lake City Escort Sich's Profile - Dream Girls Salt Lake City | Utah~Let Sich become your Salt Lake City escort girl. Do not waste your time and call Dream Girls Salt Lake City agency now.
https://www.dreamgirlssaltlakecity.com/escorts-profile.php?escort_id=368~Salt Lake City Escort Silvia's Profile - Dream Girls Salt Lake City | Utah~Let Silvia become your Salt Lake City escort girl. Do not waste your time and call Dream Girls Salt Lake City agency now.
https://www.dreamgirlssaltlakecity.com/escorts-profile.php?escort_id=369~Salt Lake City Escort Tamara's Profile - Dream Girls Salt Lake City | Utah~Let Tamara become your Salt Lake City escort girl. Do not waste your time and call Dream Girls Salt Lake City agency now.
https://www.dreamgirlssaltlakecity.com/escorts-profile.php?escort_id=366~Salt Lake City Escort Prada's Profile - Dream Girls Salt Lake City | Utah~Let Prada become your Salt Lake City escort girl. Do not waste your time and call Dream Girls Salt Lake City agency now.
https://www.dreamgirlssaltlakecity.com/escorts-profile.php?escort_id=370~Salt Lake City Escort Venus's Profile - Dream Girls Salt Lake City | Utah~Let Venus become your Salt Lake City escort girl. Do not waste your time and call Dream Girls Salt Lake City agency now.
https://www.dreamgirlssaltlakecity.com/escorts-profile.php?escort_id=355~Salt Lake City Escort July's Profile - Dream Girls Salt Lake City | Utah~Let July become your Salt Lake City escort girl. Do not waste your time and call Dream Girls Salt Lake City agency now.
https://www.dreamgirlssaltlakecity.com/escorts-profile.php?escort_id=357~Salt Lake City Escort Rose's Profile - Dream Girls Salt Lake City | Utah~Let Rose become your Salt Lake City escort girl. Do not waste your time and call Dream Girls Salt Lake City agency now.
https://www.dreamgirlssaltlakecity.com/escorts-profile.php?escort_id=356~Salt Lake City Escort Mint's Profile - Dream Girls Salt Lake City | Utah~Let Mint become your Salt Lake City escort girl. Do not waste your time and call Dream Girls Salt Lake City agency now.
https://www.dreamgirlssaltlakecity.com/escorts-profile.php?escort_id=359~Salt Lake City Escort Abbigail's Profile - Dream Girls Salt Lake City | Utah~Let Abbigail become your Salt Lake City escort girl. Do not waste your time and call Dream Girls Salt Lake City agency now.
https://www.dreamgirlssaltlakecity.com/gfe.php~Salt Lake City GFE (Girlfriend Experience) At Dream Girls Salt Lake City | Utah~Make sure you book you're the Salt Lake City GFE today from out Dream Girls Salt Lake City today and get to spend time with your dream woman in the most enjoyable way.
https://www.dreamgirlssaltlakecity.com/escorts-profile.php?escort_id=358~Salt Lake City Escort Yami's Profile - Dream Girls Salt Lake City | Utah~Let Yami become your Salt Lake City escort girl. Do not waste your time and call Dream Girls Salt Lake City agency now.
https://www.dreamgirlssaltlakecity.com/employment.php~Become An Salt Lake City Escort With Dream Girls Salt Lake City | Utah~Dream Girls Salt Lake City agency is now hiring beautiful girls for escort job.
https://www.dreamgirlssaltlakecity.com/escorts-profile.php?escort_id=361~Salt Lake City Escort Jessy's Profile - Dream Girls Salt Lake City | Utah~Let Jessy become your Salt Lake City escort girl. Do not waste your time and call Dream Girls Salt Lake City agency now.
https://www.dreamgirlssaltlakecity.com/escorts-profile.php?escort_id=362~Salt Lake City Escort Gem's Profile - Dream Girls Salt Lake City | Utah~Let Gem become your Salt Lake City escort girl. Do not waste your time and call Dream Girls Salt Lake City agency now.
https://www.dreamgirlssaltlakecity.com/escorts-profile.php?escort_id=360~Salt Lake City Escort Chloe's Profile - Dream Girls Salt Lake City | Utah~Let Chloe become your Salt Lake City escort girl. Do not waste your time and call Dream Girls Salt Lake City agency now.
https://www.dreamgirlssaltlakecity.com/escorts-profile.php?escort_id=363~Salt Lake City Escort Josephine's Profile - Dream Girls Salt Lake City | Utah~Let Josephine become your Salt Lake City escort girl. Do not waste your time and call Dream Girls Salt Lake City agency now.
https://www.dreamgirlssaltlakecity.com/escorts-profile.php?escort_id=364~Salt Lake City Escort Kathlen's Profile - Dream Girls Salt Lake City | Utah~Let Kathlen become your Salt Lake City escort girl. Do not waste your time and call Dream Girls Salt Lake City agency now.
https://www.dreamgirlssaltlakecity.com/escorts-profile.php?escort_id=365~Salt Lake City Escort Lu's Profile - Dream Girls Salt Lake City | Utah~Let Lu become your Salt Lake City escort girl. Do not waste your time and call Dream Girls Salt Lake City agency now.
