https://www.atlantamassagegirls.com/~Atlanta Erotic Massage By Sensual Masseuses At Atlanta Massage Girls~If you need the best sensual massage, then look no further, because nobody can provide what we have and we can assure you that. We have been working in this field since a long time - Atlanta Massage Girls.
https://www.atlantamassagegirls.com/nuru.php~NURU Massage At Atlanta Massage Girls~NURU massage is the solution for all your problems. Just come to us and decide for yourself now. Moreover, we make sure that our clients donâ€™t have to pay extra for our services - Atlanta Massage Girls.
https://www.atlantamassagegirls.com/booking.php~Masseuse Booking Form | Atlanta Massage Girls | Georgia~Book gorgeous masseuses using our online booking form - Atlanta Massage Girls.
https://www.atlantamassagegirls.com/contact.php~Contact Us 24/7 | Atlanta Massage Girls | Georgia~Contact our agency anytime. We are ready to assist you with any questions about our services - Atlanta Massage Girls.
https://www.atlantamassagegirls.com/profile.php?id=88~Amazing Masseuse Lily Available For You | Atlanta Massage Girls~Your perfect masseuse Lily is waiting to give you outstanding massage experience - Atlanta Massage Girls.
https://www.atlantamassagegirls.com/couples.php~Massage For Couples At Atlanta Massage Girls~If you think that your relationship is falling apart, and you need to do something about this, then you should opt for couples massage, and we guarantee that both of you will like it - Atlanta Massage Girls.
https://www.atlantamassagegirls.com/profile.php?id=87~Amazing Masseuse Katy Available For You | Atlanta Massage Girls~Your perfect masseuse Katy is waiting to give you outstanding massage experience - Atlanta Massage Girls.
https://www.atlantamassagegirls.com/profile.php?id=86~Amazing Masseuse Kamilla Available For You | Atlanta Massage Girls~Your perfect masseuse Kamilla is waiting to give you outstanding massage experience - Atlanta Massage Girls.
https://www.atlantamassagegirls.com/profile.php?id=85~Amazing Masseuse Julia Available For You | Atlanta Massage Girls~Your perfect masseuse Julia is waiting to give you outstanding massage experience - Atlanta Massage Girls.
https://www.atlantamassagegirls.com/profile.php?id=89~Amazing Masseuse Mary Available For You | Atlanta Massage Girls~Your perfect masseuse Mary is waiting to give you outstanding massage experience - Atlanta Massage Girls.
https://www.atlantamassagegirls.com/outcall.php~Outcall Massage At Atlanta Massage Girls~We guarantee that once you come to us and opt for outcall massage, you are not going to be disappointed. We are dealing with experts who know the real value of erotic massage - Atlanta Massage Girls.
https://www.atlantamassagegirls.com/tantra.php~Tantra Massage At Atlanta Massage Girls~Once you hire our masseuses for tantra massage, you will understand how special these girls are. They have spent years on learning various techniques, and every single move they perform on you will please you - Atlanta Massage Girls.
https://www.atlantamassagegirls.com/profile.php?id=84~Amazing Masseuse Jane Available For You | Atlanta Massage Girls~Your perfect masseuse Jane is waiting to give you outstanding massage experience - Atlanta Massage Girls.
https://www.atlantamassagegirls.com/profile.php?id=82~Amazing Masseuse Glaudia Available For You | Atlanta Massage Girls~Your perfect masseuse Glaudia is waiting to give you outstanding massage experience - Atlanta Massage Girls.
https://www.atlantamassagegirls.com/profile.php?id=81~Amazing Masseuse Alina Available For You | Atlanta Massage Girls~Your perfect masseuse Alina is waiting to give you outstanding massage experience - Atlanta Massage Girls.
https://www.atlantamassagegirls.com/profile.php?id=80~Amazing Masseuse Alexsa Available For You | Atlanta Massage Girls~Your perfect masseuse Alexsa is waiting to give you outstanding massage experience - Atlanta Massage Girls.
https://www.atlantamassagegirls.com/about.php~About Us: Learn Who We Are | Atlanta Massage Girls | Georgia~Find out about our agency and you'll know why you should hire from us - Atlanta Massage Girls.
https://www.atlantamassagegirls.com/profile.php?id=83~Amazing Masseuse Irina Available For You | Atlanta Massage Girls~Your perfect masseuse Irina is waiting to give you outstanding massage experience - Atlanta Massage Girls.
https://www.atlantamassagegirls.com/full-body.php~Full Body Massage At Atlanta Massage Girls~Full body massage is the best thing for you and if you are free and want to experience something different and erotic in nature, then you should come to us now - Atlanta Massage Girls.
https://www.atlantamassagegirls.com/happy-ending.php~Happy Ending Massage At Atlanta Massage Girls~We guarantee that the kind of happy ending massage you will get from us will definitely make you fall in love with our masseuses. Our girls are highly trained and they are complete professionals too - Atlanta Massage Girls.
https://www.atlantamassagegirls.com/profile.php?id=99~Amazing Masseuse Yana Available For You | Atlanta Massage Girls~Your perfect masseuse Yana is waiting to give you outstanding massage experience - Atlanta Massage Girls.
https://www.atlantamassagegirls.com/profile.php?id=98~Amazing Masseuse Viola Available For You | Atlanta Massage Girls~Your perfect masseuse Viola is waiting to give you outstanding massage experience - Atlanta Massage Girls.
https://www.atlantamassagegirls.com/profile.php?id=97~Amazing Masseuse Viktoria Available For You | Atlanta Massage Girls~Your perfect masseuse Viktoria is waiting to give you outstanding massage experience - Atlanta Massage Girls.
https://www.atlantamassagegirls.com/profile.php?id=96~Amazing Masseuse Vanessa Available For You | Atlanta Massage Girls~Your perfect masseuse Vanessa is waiting to give you outstanding massage experience - Atlanta Massage Girls.
https://www.atlantamassagegirls.com/body-rubs.php~Body Rubs At Atlanta Massage Girls~If you think you are ready for some erotic massage action then come to us and hire masseuses who are experts in providing the best Atlanta body rubs. We guarantee that you are going to enjoy this a lot - Atlanta Massage Girls.
https://www.atlantamassagegirls.com/profile.php?id=94~Amazing Masseuse Rita Available For You | Atlanta Massage Girls~Your perfect masseuse Rita is waiting to give you outstanding massage experience - Atlanta Massage Girls.
https://www.atlantamassagegirls.com/profile.php?id=91~Amazing Masseuse Mirabel Available For You | Atlanta Massage Girls~Your perfect masseuse Mirabel is waiting to give you outstanding massage experience - Atlanta Massage Girls.
https://www.atlantamassagegirls.com/profile.php?id=90~Amazing Masseuse Milena Available For You | Atlanta Massage Girls~Your perfect masseuse Milena is waiting to give you outstanding massage experience - Atlanta Massage Girls.
https://www.atlantamassagegirls.com/profile.php?id=93~Amazing Masseuse Olga Available For You | Atlanta Massage Girls~Your perfect masseuse Olga is waiting to give you outstanding massage experience - Atlanta Massage Girls.
https://www.atlantamassagegirls.com/profile.php?id=95~Amazing Masseuse Sophia Available For You | Atlanta Massage Girls~Your perfect masseuse Sophia is waiting to give you outstanding massage experience - Atlanta Massage Girls.
https://www.atlantamassagegirls.com/profile.php?id=92~Amazing Masseuse Nika Available For You | Atlanta Massage Girls~Your perfect masseuse Nika is waiting to give you outstanding massage experience - Atlanta Massage Girls.
