https://www.houstonmassagegirls.com/~Houston Erotic Massage By Sensual Masseuses At Houston Massage Girls~Erotic massage Houston provided by sexy masseuses is the best thing you can get for yourself. Hence, you should hire them now without any delays, we guarantee that you are definitely going to enjoy this a lot - Houston Massage Girls.
https://www.houstonmassagegirls.com/evelyn.php~Masseuse Evelyn | Houston Massage Girls~Hire our gorgeous masseuse Evelyn and get unforgettable massage experience - Houston Massage Girls.
https://www.houstonmassagegirls.com/marry.php~Masseuse Marry | Houston Massage Girls~Hire our gorgeous masseuse Marry and get unforgettable massage experience - Houston Massage Girls.
https://www.houstonmassagegirls.com/alizee.php~Masseuse Alizee | Houston Massage Girls~Hire our gorgeous masseuse Alizee and get unforgettable massage experience - Houston Massage Girls.
https://www.houstonmassagegirls.com/goldie.php~Masseuse Goldie | Houston Massage Girls~Hire our gorgeous masseuse Goldie and get unforgettable massage experience - Houston Massage Girls.
https://www.houstonmassagegirls.com/april.php~Masseuse April | Houston Massage Girls~Hire our gorgeous masseuse April and get unforgettable massage experience - Houston Massage Girls.
https://www.houstonmassagegirls.com/sienna.php~Masseuse Sienna | Houston Massage Girls~Hire our gorgeous masseuse Sienna and get unforgettable massage experience - Houston Massage Girls.
https://www.houstonmassagegirls.com/ashley.php~Masseuse Ashley | Houston Massage Girls~Hire our gorgeous masseuse Ashley and get unforgettable massage experience - Houston Massage Girls.
https://www.houstonmassagegirls.com/happy-ending.php~Happy Ending Massage At Houston Massage Girls~Experience another level of pleasure with sensual happy ending massage in Houston. Lots of sexy ladies with expertise in happy ending massage are waiting for you. Simply call us to hire the best in the lot - Houston Massage Girls.
https://www.houstonmassagegirls.com/sex.php~Sex Massage At Houston Massage Girls~Experience the pleasures of sex massage Houston and we promise that you will end up falling in love with this. There is nothing in this world that is pleasurable that sex massage. Sexy and hot masseuses will please you the most - Houston Massage Girls.
https://www.houstonmassagegirls.com/jerry.php~Masseuse Jerry | Houston Massage Girls~Hire our gorgeous masseuse Jerry and get unforgettable massage experience - Houston Massage Girls.
https://www.houstonmassagegirls.com/mila.php~Masseuse Mila | Houston Massage Girls~Hire our gorgeous masseuse Mila and get unforgettable massage experience - Houston Massage Girls.
https://www.houstonmassagegirls.com/couples.php~Couples Massage At Houston Massage Girls~Strengthen your relationship with awesome couples massage Houston and we bet that you are going to love this new kind of massage. Most couples try this when they seek out something erotic in nature that can be experienced as a couple - Houston Massage Girls.
https://www.houstonmassagegirls.com/josy.php~Masseuse Josy | Houston Massage Girls~Hire our gorgeous masseuse Josy and get unforgettable massage experience - Houston Massage Girls.
https://www.houstonmassagegirls.com/chelsea.php~Masseuse Chelsea | Houston Massage Girls~Hire our gorgeous masseuse Chelsea and get unforgettable massage experience - Houston Massage Girls.
https://www.houstonmassagegirls.com/cherry.php~Masseuse Cherry | Houston Massage Girls~Hire our gorgeous masseuse Cherry and get unforgettable massage experience - Houston Massage Girls.
https://www.houstonmassagegirls.com/susan.php~Masseuse Susan | Houston Massage Girls~Hire our gorgeous masseuse Susan and get unforgettable massage experience - Houston Massage Girls.
https://www.houstonmassagegirls.com/lola.php~Masseuse Lola | Houston Massage Girls~Hire our gorgeous masseuse Lola and get unforgettable massage experience - Houston Massage Girls.
https://www.houstonmassagegirls.com/latika.php~Masseuse Latika | Houston Massage Girls~Hire our gorgeous masseuse Latika and get unforgettable massage experience - Houston Massage Girls.
https://www.houstonmassagegirls.com/asian.php~Asian Massage At Houston Massage Girls~Asians are the ones who invented massage therapy, and Asian massage Houston is quite famous here. Hence you should experience the pleasures you get during this massage and we know that you are going to enjoy this a lot - Houston Massage Girls.
https://www.houstonmassagegirls.com/outcall.php~Outcall Massage At Houston Massage Girls~Relax at your hotel room and book an outcall massage in Houston and soon our girls will be at your place, and they are going to please you the most. Lots of sexy outcall masseuses are working for us, and their skills are insane - Houston Massage Girls.
https://www.houstonmassagegirls.com/estel.php~Masseuse Estel | Houston Massage Girls~Hire our gorgeous masseuse Estel and get unforgettable massage experience - Houston Massage Girls.
https://www.houstonmassagegirls.com/about.php~About Us | Houston Massage Girls~Come to Houston Massage Girls, and experience the best erotic massage of your life time. We have different varieties of massage services served by really erotic masseuses who are ready to do anything just for your happiness and satisfaction - Houston Massage Girls.
https://www.houstonmassagegirls.com/kimberly.php~Masseuse Kimberly | Houston Massage Girls~Hire our gorgeous masseuse Kimberly and get unforgettable massage experience - Houston Massage Girls.
https://www.houstonmassagegirls.com/full-body.php~Full Body Massage At Houston Massage Girls~Get the best full body massage services in Houston and experience massage services like never before. We assure you that our sexy masseuses providing the best full body massage will stun you and make you the most satisfied man on this planet.
https://www.houstonmassagegirls.com/alisha.php~Masseuse Alisha | Houston Massage Girls~Hire our gorgeous masseuse Alisha and get unforgettable massage experience - Houston Massage Girls.
https://www.houstonmassagegirls.com/booking.php~Booking Form | Houston Massage Girls~Book masseuses using our online booking form - Houston Massage Girls.
https://www.houstonmassagegirls.com/amelia.php~Masseuse Amelia | Houston Massage Girls~Hire our gorgeous masseuse Amelia and get unforgettable massage experience - Houston Massage Girls.
https://www.houstonmassagegirls.com/kamilla.php~Masseuse Kamilla | Houston Massage Girls~Hire our gorgeous masseuse Kamilla and get unforgettable massage experience - Houston Massage Girls.
https://www.houstonmassagegirls.com/jessika.php~Masseuse Jessika | Houston Massage Girls~Hire our gorgeous masseuse Jessika and get unforgettable massage experience - Houston Massage Girls.
https://www.houstonmassagegirls.com/caroline.php~Masseuse Caroline | Houston Massage Girls~Hire our gorgeous masseuse Caroline and get unforgettable massage experience - Houston Massage Girls.
https://www.houstonmassagegirls.com/celine.php~Masseuse Celine | Houston Massage Girls~Hire our gorgeous masseuse Celine and get unforgettable massage experience - Houston Massage Girls.
https://www.houstonmassagegirls.com/tantra.php~Tantra Massage At Houston Massage Girls~Tantric massage is one of those things that channelizes your sexual energy to heal your body. If you are looking to try something better and sensual in life, then there is nothing better than Tantric massage - Houston Massage Girls.
https://www.houstonmassagegirls.com/charlie.php~Masseuse Charlie | Houston Massage Girls~Hire our gorgeous masseuse Charlie and get unforgettable massage experience - Houston Massage Girls.
https://www.houstonmassagegirls.com/willow.php~Masseuse Willow | Houston Massage Girls~Hire our gorgeous masseuse Willow and get unforgettable massage experience - Houston Massage Girls.
https://www.houstonmassagegirls.com/maeva.php~Masseuse Maeva | Houston Massage Girls~Hire our gorgeous masseuse Maeva and get unforgettable massage experience - Houston Massage Girls.
https://www.houstonmassagegirls.com/lorett.php~Masseuse Lorett | Houston Massage Girls~Hire our gorgeous masseuse Lorett and get unforgettable massage experience - Houston Massage Girls.
https://www.houstonmassagegirls.com/body-rubs.php~Body Rubs At Houston Massage Girls~Body rubs in Houston are simply way too erotic to handle and you are going to feel overwhelmed when these hot and sensual masseuses are going please you. Just come to us if you want only the best for your life - Houston Massage Girls.
https://www.houstonmassagegirls.com/contact.php~Contact Form | Houston Massage Girls~Contact us using our online contact form - Houston Massage Girls.
https://www.houstonmassagegirls.com/ice.php~Masseuse Ice | Houston Massage Girls~Hire our gorgeous masseuse Ice and get unforgettable massage experience - Houston Massage Girls.
https://www.houstonmassagegirls.com/danyella.php~Masseuse Danyella | Houston Massage Girls~Hire our gorgeous masseuse Danyella and get unforgettable massage experience - Houston Massage Girls.
https://www.houstonmassagegirls.com/mika.php~Masseuse Mika | Houston Massage Girls~Hire our gorgeous masseuse Mika and get unforgettable massage experience - Houston Massage Girls.
https://www.houstonmassagegirls.com/nuru.php~NURU Massage At Houston Massage Girls~Sexy masseuses providing NURU massage Houston would be a dream come true for you and we bet that you are going to love it a lot. At our agency we are have lots of masseuses working for us and all of them are sexy and hot - Houston Massage Girls.
