https://www.losangelesmassagegirls.com/~Los Angeles Erotic Massage By Sensual Masseuses At Los Angeles Massage Girls~At Los Angeles Massage Girls, we are providing the best erotic massage services at wonderful rates. Our masseuses are really hot and sexy and they will please you the most.
https://www.losangelesmassagegirls.com/oksana.php~Masseuse Oksana - Los Angeles Massage Girls~Hire gorgeous masseuse Oksana at Los Angeles Massage Girls and you'll not be dissapointed with her services - Los Angeles Massage Girls.
https://www.losangelesmassagegirls.com/mia.php~Masseuse Mia - Los Angeles Massage Girls~Hire gorgeous masseuse Mia at Los Angeles Massage Girls and you'll not be dissapointed with her services - Los Angeles Massage Girls.
https://www.losangelesmassagegirls.com/albina.php~Masseuse Albina - Los Angeles Massage Girls~Hire gorgeous masseuse Albina at Los Angeles Massage Girls and you'll not be dissapointed with her services - Los Angeles Massage Girls.
https://www.losangelesmassagegirls.com/about.php~About Us | Los Angeles Massage Girls~Come to us right now, if you are seeking amazing erotic massage services. At Los Angeles Massage Girls, we are providing high class services at reasonable charges. Moreover, we have the best fleet of girls working for us.
https://www.losangelesmassagegirls.com/agnessa.php~Masseuse Agnessa - Los Angeles Massage Girls~Hire gorgeous masseuse Agnessa at Los Angeles Massage Girls and you'll not be dissapointed with her services - Los Angeles Massage Girls.
https://www.losangelesmassagegirls.com/nuru.php~NURU Massage | Los Angeles Massage Girls~Excellent and pleasing NURU massage in Los Angeles will definitely please you the most. We have trained masseuses who are willing to go beyond the normal ways to please you and provide you the ultimate satisfaction - Los Angeles Massage Girls.
https://www.losangelesmassagegirls.com/lika.php~Masseuse Lika - Los Angeles Massage Girls~Hire gorgeous masseuse Lika at Los Angeles Massage Girls and you'll not be dissapointed with her services - Los Angeles Massage Girls.
https://www.losangelesmassagegirls.com/monika.php~Masseuse Monika - Los Angeles Massage Girls~Hire gorgeous masseuse Monika at Los Angeles Massage Girls and you'll not be dissapointed with her services - Los Angeles Massage Girls.
https://www.losangelesmassagegirls.com/rita.php~Masseuse Rita - Los Angeles Massage Girls~Hire gorgeous masseuse Rita at Los Angeles Massage Girls and you'll not be dissapointed with her services - Los Angeles Massage Girls.
https://www.losangelesmassagegirls.com/evelina.php~Masseuse Evelina - Los Angeles Massage Girls~Hire gorgeous masseuse Evelina at Los Angeles Massage Girls and you'll not be dissapointed with her services - Los Angeles Massage Girls.
https://www.losangelesmassagegirls.com/elsa.php~Masseuse Elsa - Los Angeles Massage Girls~Hire gorgeous masseuse Elsa at Los Angeles Massage Girls and you'll not be dissapointed with her services - Los Angeles Massage Girls.
https://www.losangelesmassagegirls.com/victoria.php~Masseuse Victoria - Los Angeles Massage Girls~Hire gorgeous masseuse Victoria at Los Angeles Massage Girls and you'll not be dissapointed with her services - Los Angeles Massage Girls.
https://www.losangelesmassagegirls.com/alexamonaco.php~Masseuse Alexamonaco - Los Angeles Massage Girls~Hire gorgeous masseuse Alexamonaco at Los Angeles Massage Girls and you'll not be dissapointed with her services - Los Angeles Massage Girls.
https://www.losangelesmassagegirls.com/bella.php~Masseuse Bella - Los Angeles Massage Girls~Hire gorgeous masseuse Bella at Los Angeles Massage Girls and you'll not be dissapointed with her services - Los Angeles Massage Girls.
https://www.losangelesmassagegirls.com/katya.php~Masseuse Katya - Los Angeles Massage Girls~Hire gorgeous masseuse Katya at Los Angeles Massage Girls and you'll not be dissapointed with her services - Los Angeles Massage Girls.
https://www.losangelesmassagegirls.com/contact.php~Contact Us | Los Angeles Massage Girls~Contact our agency for more information about our masseuses - Los Angeles Massage Girls.
https://www.losangelesmassagegirls.com/leila.php~Masseuse Leila - Los Angeles Massage Girls~Hire gorgeous masseuse Leila at Los Angeles Massage Girls and you'll not be dissapointed with her services - Los Angeles Massage Girls.
https://www.losangelesmassagegirls.com/tantra.php~Tantra Massage | Los Angeles Massage Girls~Tantra massage in Los Angeles will definitely blow your mind away. Our masseuses who are experts in Los Angeles tantra massage are waiting for you, so don’t delay and hire from us now - Los Angeles Massage Girls.
https://www.losangelesmassagegirls.com/booking.php~Masseuse Booking | Los Angeles Massage Girls~Book your perfect massaeuse with us now - Los Angeles Massage Girls.
https://www.losangelesmassagegirls.com/yana.php~Masseuse Yana - Los Angeles Massage Girls~Hire gorgeous masseuse Yana at Los Angeles Massage Girls and you'll not be dissapointed with her services - Los Angeles Massage Girls.
https://www.losangelesmassagegirls.com/couples.php~Couples Massage | Los Angeles Massage Girls~If you are seeking best couples massage in Los Angeles, then make sure that you come to us only. At Los Angeles Massage Girls, we provide excellent services without any compromises. You are going to love the way our girls treat you.
https://www.losangelesmassagegirls.com/outcall.php~Outcall Massage | Los Angeles Massage Girls~Outcall massage in Los Angeles can’t get better without our sexy masseuses. We guarantee you ultimate pleasures within the most reasonable rates. Our girls are always there to please you the most - Los Angeles Massage Girls.
https://www.losangelesmassagegirls.com/jana.php~Masseuse Jana - Los Angeles Massage Girls~Hire gorgeous masseuse Jana at Los Angeles Massage Girls and you'll not be dissapointed with her services - Los Angeles Massage Girls.
https://www.losangelesmassagegirls.com/happy-ending.php~Happy Ending Massage | Los Angeles Massage Girls~If you are bored, then try happy ending massage in Los Angeles, and we assure you that our masseuses are going to make you damn happy and satisfied. We have the best fleet of masseuses working for us - Los Angeles Massage Girls.
https://www.losangelesmassagegirls.com/viola.php~Masseuse Viola - Los Angeles Massage Girls~Hire gorgeous masseuse Viola at Los Angeles Massage Girls and you'll not be dissapointed with her services - Los Angeles Massage Girls.
https://www.losangelesmassagegirls.com/lina.php~Masseuse Lina - Los Angeles Massage Girls~Hire gorgeous masseuse Lina at Los Angeles Massage Girls and you'll not be dissapointed with her services - Los Angeles Massage Girls.
https://www.losangelesmassagegirls.com/lana.php~Masseuse Lana - Los Angeles Massage Girls~Hire gorgeous masseuse Lana at Los Angeles Massage Girls and you'll not be dissapointed with her services - Los Angeles Massage Girls.
https://www.losangelesmassagegirls.com/body-rubs.php~Body Rubs | Los Angeles Massage Girls~Try out the best body rubs in Los Angeles and we guarantee that you are going to fall in love with our sexy masseuses who are always willing to satisfy clients with sexy massage services - Los Angeles Massage Girls.
https://www.losangelesmassagegirls.com/zara.php~Masseuse Zara - Los Angeles Massage Girls~Hire gorgeous masseuse Zara at Los Angeles Massage Girls and you'll not be dissapointed with her services - Los Angeles Massage Girls.
https://www.losangelesmassagegirls.com/roxana.php~Masseuse Roxana - Los Angeles Massage Girls~Hire gorgeous masseuse Roxana at Los Angeles Massage Girls and you'll not be dissapointed with her services - Los Angeles Massage Girls.
https://www.losangelesmassagegirls.com/alianna.php~Masseuse Alianna - Los Angeles Massage Girls~Hire gorgeous masseuse Alianna at Los Angeles Massage Girls and you'll not be dissapointed with her services - Los Angeles Massage Girls.
https://www.losangelesmassagegirls.com/elena.php~Masseuse Elena - Los Angeles Massage Girls~Hire gorgeous masseuse Elena at Los Angeles Massage Girls and you'll not be dissapointed with her services - Los Angeles Massage Girls.
https://www.losangelesmassagegirls.com/alina.php~Masseuse Alina - Los Angeles Massage Girls~Hire gorgeous masseuse Alina at Los Angeles Massage Girls and you'll not be dissapointed with her services - Los Angeles Massage Girls.
https://www.losangelesmassagegirls.com/full-body.php~Full Body Massage | Los Angeles Massage Girls~Full body massage in Los Angeles is the best thing for you. It will provide you the much needed relaxation along with high class erotic pleasures. We guarantee the best time of your life with our sexy masseuses - Los Angeles Massage Girls.
