index;Indianapolis Escorts - Dream Girls Indianapolis;Established agency committed to providing clients with amazing Indianapolis escorts. Whatever you desire, we have it - Dream Girls Indianapolis.;144
asian-escorts;Indianapolis Asian Escorts - Dream Girls Indianapolis;Indianapolis Asian escorts are available for discreet outcall bookings. Unforgettable experiences guaranteed - Dream Girls Indianapolis.;136
ebony-escorts;Indianapolis Black Escorts - Dream Girls Indianapolis;Ebony Indianapolis escorts are waiting for you. We offer busty, petite and model looking girls 24/7 - Dream Girls Indianapolis.;127
gfe;Indianapolis GFE - Dream Girls Indianapolis;Get the best girl friend experience in Indianapolis. Great services and reputation. Call us right now - Dream Girls Indianapolis.;129
erotic-massage;Indianapolis Erotic Massage - Dream Girls Indianapolis;Our selection of premium girls will offer you erotic massage. Complete discretion and confidentiality. Only the finest sensual masseuses - Dream Girls Indianapolis.;164
asian-massage;Indianapolis Asian Massage - Dream Girls Indianapolis;Get amazing asian massage in Indianapolis. Our girls provide a first class experience you will never forget - Dream Girls Indianapolis.;135
couples-massage;Indianapolis Couples Massage - Dream Girls Indianapolis;Perfect selection of sexy girls available for couples massage in Induanapolis. We offer 24/7 experience throughout the city - Dream Girls Indianapolis.;151
nuru-massage;Indianapolis NURU Massage - Dream Girls Indianapolis;The ultimate luxury collection of Indianapolis NURU massage services waiting for you. Call us now - Dream Girls Indianapolis.;125
happy-ending-massage;Indianapolis Happy Ending Massage - Dream Girls Indianapolis;Get unforgettable massage with happy ending in Indianapolis. We offer the finest masseuses in city - Dream Girls Indianapolis.;126
nude-masage;Indianapolis Nude Massage - Dream Girls Indianapolis;Experience nude massage with the most beautiful ladies in city. We available 24/7 for outcall bookings - Dream Girls Indianapolis.;130
body-rubs;Indianapolis Body Rubs - Dream Girls Indianapolis;Find erotic body rubs services in Indianapolis by the most beautiful girls full of passion. They will offer you gentle and sensual massage 24/7 - Dream Girls Indianapolis.;171
about-us;About Us - Dream Girls Indianapolis;Read about us and figure out why we are the best among others - Dream Girls Indianapolis.;89
booking;Booking Form - Dream Girls Indianapolis;Books perfect girls using online booking form - Dream Girls Indianapolis.;73
contact;Contact Us Form - Dream Girls Indianapolis;Send your enquires using our online form - Dream Girls Indianapolis.;68
employment;Join Us Form - Dream Girls Indianapolis;We are hiring beautiful girls to work as an escort - Dream Girls Indianapolis.;78
