http://www.dreamgirlsnashville.com/~Exclusive Nashville Escorts For Any Occasion At DreamGirlsNashville | Tennessee~DreamGirlsNashville provides professional escort girls, they are highly committed and understand what clients exactly want from them.
http://www.dreamgirlsnashville.com/gfe-escorts.php~Best Nashville GFE Escorts At DreamGirlsNashville | Tennessee~DreamGirlsNashville - an agency must understand the true meaning of the term GFE. Book to meet one of them today.They are waiting to accompany you.
http://www.dreamgirlsnashville.com/mature-escorts.php~Best Nashville Mature Escorts At DreamGirlsNashville | Tennessee~DreamGirlsNashville - the best escort agency in Nashville. We assure that you will be fully satisfied with our escorts who are little bit experienced.
http://www.dreamgirlsnashville.com/about.php~About Us - A Hub of Amazing Nashville Escorts At DreamGirlsNashville | Tennessee~At DreamGirlsNashville, our highly skilled and professional escorts can make your dreams come true that will cater your every needs and requirement.
http://www.dreamgirlsnashville.com/bbw-escorts.php~Best Nashville BBW Escorts At DreamGirlsNashville | Tennessee~DreamGirlsNashville, a highly discrete escort agency who specializes in providing every type of escorts including BBW escorts. Meet them at any time.
http://www.dreamgirlsnashville.com/escorts-profile.php?escort_id=562~Nashville Brunette Hair Escort Girl Ruslana At DreamGirlsNashville | Tennessee~Hi, call now perfect Brunette hair escort girl Ruslana - she is waiting for you at DreamGirlsNashville
http://www.dreamgirlsnashville.com/escorts-profile.php?escort_id=561~Nashville Brunette Hair Escort Girl Olya At DreamGirlsNashville | Tennessee~Hi, call now perfect Brunette hair escort girl Olya - she is waiting for you at DreamGirlsNashville
http://www.dreamgirlsnashville.com/escorts-profile.php?escort_id=559~Nashville Blonde Hair Escort Girl Ninoshka At DreamGirlsNashville | Tennessee~Hi, call now perfect Blonde hair escort girl Ninoshka - she is waiting for you at DreamGirlsNashville
http://www.dreamgirlsnashville.com/employment.php~Join Us At DreamGirlsNashville - Best Escort Agency In Nashville | Tennessee~Choose the best escort agency - DreamGirlsNashville and start your dream career as a top Nashville escort.
http://www.dreamgirlsnashville.com/escorts-profile.php?escort_id=558~Nashville Brunette Hair Escort Girl Natalie At DreamGirlsNashville | Tennessee~Hi, call now perfect Brunette hair escort girl Natalie - she is waiting for you at DreamGirlsNashville
http://www.dreamgirlsnashville.com/escorts-profile.php?escort_id=554~Nashville Blonde Hair Escort Girl Zelma At DreamGirlsNashville | Tennessee~Hi, call now perfect Blonde hair escort girl Zelma - she is waiting for you at DreamGirlsNashville
http://www.dreamgirlsnashville.com/escorts-profile.php?escort_id=555~Nashville Blonde Hair Escort Girl Dahlia At DreamGirlsNashville | Tennessee~Hi, call now perfect Blonde hair escort girl Dahlia - she is waiting for you at DreamGirlsNashville
http://www.dreamgirlsnashville.com/escorts-profile.php?escort_id=556~Nashville Blonde Hair Escort Girl Katya At DreamGirlsNashville | Tennessee~Hi, call now perfect Blonde hair escort girl Katya - she is waiting for you at DreamGirlsNashville
http://www.dreamgirlsnashville.com/escorts-profile.php?escort_id=557~Nashville Blonde Hair Escort Girl Lilly At DreamGirlsNashville | Tennessee~Hi, call now perfect Blonde hair escort girl Lilly - she is waiting for you at DreamGirlsNashville
http://www.dreamgirlsnashville.com/escorts-profile.php?escort_id=550~Nashville Brunette Hair Escort Girl Marina At DreamGirlsNashville | Tennessee~Hi, call now perfect Brunette hair escort girl Marina - she is waiting for you at DreamGirlsNashville
http://www.dreamgirlsnashville.com/escorts-profile.php?escort_id=553~Nashville Blonde Hair Escort Girl Roxana At DreamGirlsNashville | Tennessee~Hi, call now perfect Blonde hair escort girl Roxana - she is waiting for you at DreamGirlsNashville
http://www.dreamgirlsnashville.com/escorts-profile.php?escort_id=551~Nashville Brunette Hair Escort Girl Melissa At DreamGirlsNashville | Tennessee~Hi, call now perfect Brunette hair escort girl Melissa - she is waiting for you at DreamGirlsNashville
http://www.dreamgirlsnashville.com/escorts-profile.php?escort_id=560~Nashville Brunette Hair Escort Girl Olga At DreamGirlsNashville | Tennessee~Hi, call now perfect Brunette hair escort girl Olga - she is waiting for you at DreamGirlsNashville
http://www.dreamgirlsnashville.com/contact.php~Contact Us - A Hub of Amazing Nashville Escorts At DreamGirlsNashville | Tennessee~Contact us for your any query here at DreamGirlsNashville - the best escort agency in Nashville, we will back you ASAP.
http://www.dreamgirlsnashville.com/escorts-profile.php?escort_id=544~Nashville Brunette Hair Escort Girl Alya At DreamGirlsNashville | Tennessee~Hi, call now perfect Brunette hair escort girl Alya - she is waiting for you at DreamGirlsNashville
http://www.dreamgirlsnashville.com/escorts-profile.php?escort_id=543~Nashville Brunette Hair Escort Girl Alisa At DreamGirlsNashville | Tennessee~Hi, call now perfect Brunette hair escort girl Alisa - she is waiting for you at DreamGirlsNashville
http://www.dreamgirlsnashville.com/escorts-profile.php?escort_id=549~Nashville Blonde Hair Escort Girl Lessia At DreamGirlsNashville | Tennessee~Hi, call now perfect Blonde hair escort girl Lessia - she is waiting for you at DreamGirlsNashville
http://www.dreamgirlsnashville.com/escorts-profile.php?escort_id=546~Nashville Brunette Hair Escort Girl Carolina At DreamGirlsNashville | Tennessee~Hi, call now perfect Brunette hair escort girl Carolina - she is waiting for you at DreamGirlsNashville
http://www.dreamgirlsnashville.com/escorts-profile.php?escort_id=545~Nashville Brunette Hair Escort Girl Angela At DreamGirlsNashville | Tennessee~Hi, call now perfect Brunette hair escort girl Angela - she is waiting for you at DreamGirlsNashville
http://www.dreamgirlsnashville.com/escorts-profile.php?escort_id=542~Nashville Brunette Hair Escort Girl Utano At DreamGirlsNashville | Tennessee~Hi, call now perfect Brunette hair escort girl Utano - she is waiting for you at DreamGirlsNashville
http://www.dreamgirlsnashville.com/asian-escorts.php~Best Nashville Asian Escorts At DreamGirlsNashville | Tennessee~If you are someone, looking for spending quality time with a stranger then you are at right place. Meet nashville Asian escort girls at DreamGirlsNashville.
http://www.dreamgirlsnashville.com/escorts-profile.php?escort_id=541~Nashville Blonde Hair Escort Girl Taime At DreamGirlsNashville | Tennessee~Hi, call now perfect Blonde hair escort girl Taime - she is waiting for you at DreamGirlsNashville
http://www.dreamgirlsnashville.com/escorts-profile.php?escort_id=540~Nashville Brunette Hair Escort Girl Honey At DreamGirlsNashville | Tennessee~Hi, call now perfect Brunette hair escort girl Honey - she is waiting for you at DreamGirlsNashville
http://www.dreamgirlsnashville.com/escorts-profile.php?escort_id=552~Nashville Blonde Hair Escort Girl Rada At DreamGirlsNashville | Tennessee~Hi, call now perfect Blonde hair escort girl Rada - she is waiting for you at DreamGirlsNashville
http://www.dreamgirlsnashville.com/escorts-profile.php?escort_id=547~Nashville Brunette Hair Escort Girl Diana At DreamGirlsNashville | Tennessee~Hi, call now perfect Brunette hair escort girl Diana - she is waiting for you at DreamGirlsNashville
http://www.dreamgirlsnashville.com/escorts-profile.php?escort_id=539~Nashville Blonde Hair Escort Girl Heidi At DreamGirlsNashville | Tennessee~Hi, call now perfect Blonde hair escort girl Heidi - she is waiting for you at DreamGirlsNashville
http://www.dreamgirlsnashville.com/escorts-profile.php?escort_id=537~Nashville Black Hair Escort Girl Prada At DreamGirlsNashville | Tennessee~Hi, call now perfect Black hair escort girl Prada - she is waiting for you at DreamGirlsNashville
http://www.dreamgirlsnashville.com/booking.php~Booking - A Hub of Amazing Nashville Escorts At DreamGirlsNashville | Tennessee~Call now to get one of our escort ladies to fulfill your utmost desires at DreamGirlsNashville -the best escort agency in Nashville.
http://www.dreamgirlsnashville.com/escorts-profile.php?escort_id=548~Nashville Blonde Hair Escort Girl Karolina At DreamGirlsNashville | Tennessee~Hi, call now perfect Blonde hair escort girl Karolina - she is waiting for you at DreamGirlsNashville
http://www.dreamgirlsnashville.com/escorts-profile.php?escort_id=533~Nashville Black Hair Escort Girl Abbigail At DreamGirlsNashville | Tennessee~Hi, call now perfect Black hair escort girl Abbigail - she is waiting for you at DreamGirlsNashville
http://www.dreamgirlsnashville.com/escorts-profile.php?escort_id=532~Nashville Blonde Hair Escort Girl Venera At DreamGirlsNashville | Tennessee~Hi, call now perfect Blonde hair escort girl Venera - she is waiting for you at DreamGirlsNashville
http://www.dreamgirlsnashville.com/escorts-profile.php?escort_id=531~Nashville Blonde Hair Escort Girl Micky At DreamGirlsNashville | Tennessee~Hi, call now perfect Blonde hair escort girl Micky - she is waiting for you at DreamGirlsNashville
http://www.dreamgirlsnashville.com/escorts-profile.php?escort_id=530~Nashville Black Hair Escort Girl Bianca At DreamGirlsNashville | Tennessee~Hi, call now perfect Black hair escort girl Bianca - she is waiting for you at DreamGirlsNashville
http://www.dreamgirlsnashville.com/escorts-profile.php?escort_id=538~Nashville Black Hair Escort Girl Silvia At DreamGirlsNashville | Tennessee~Hi, call now perfect Black hair escort girl Silvia - she is waiting for you at DreamGirlsNashville
http://www.dreamgirlsnashville.com/escorts-profile.php?escort_id=536~Nashville Black Hair Escort Girl Jessy At DreamGirlsNashville | Tennessee~Hi, call now perfect Black hair escort girl Jessy - she is waiting for you at DreamGirlsNashville
http://www.dreamgirlsnashville.com/escorts-profile.php?escort_id=529~Nashville Brunette Hair Escort Girl Angela At DreamGirlsNashville | Tennessee~Hi, call now perfect Brunette hair escort girl Angela - she is waiting for you at DreamGirlsNashville
http://www.dreamgirlsnashville.com/escorts-profile.php?escort_id=526~Nashville Brunette Hair Escort Girl Kura At DreamGirlsNashville | Tennessee~Hi, call now perfect Brunette hair escort girl Kura - she is waiting for you at DreamGirlsNashville
http://www.dreamgirlsnashville.com/escorts-profile.php?escort_id=528~Nashville Brunette Hair Escort Girl Rina At DreamGirlsNashville | Tennessee~Hi, call now perfect Brunette hair escort girl Rina - she is waiting for you at DreamGirlsNashville
http://www.dreamgirlsnashville.com/escorts-profile.php?escort_id=534~Nashville Black Hair Escort Girl Camille At DreamGirlsNashville | Tennessee~Hi, call now perfect Black hair escort girl Camille - she is waiting for you at DreamGirlsNashville
http://www.dreamgirlsnashville.com/escorts-profile.php?escort_id=527~Nashville Brunette Hair Escort Girl Pippa At DreamGirlsNashville | Tennessee~Hi, call now perfect Brunette hair escort girl Pippa - she is waiting for you at DreamGirlsNashville
http://www.dreamgirlsnashville.com/escorts-profile.php?escort_id=524~Nashville Brunette Hair Escort Girl Faye At DreamGirlsNashville | Tennessee~Hi, call now perfect Brunette hair escort girl Faye - she is waiting for you at DreamGirlsNashville
http://www.dreamgirlsnashville.com/escorts-profile.php?escort_id=525~Nashville Brunette Hair Escort Girl Jennifer At DreamGirlsNashville | Tennessee~Hi, call now perfect Brunette hair escort girl Jennifer - she is waiting for you at DreamGirlsNashville
http://www.dreamgirlsnashville.com/escorts-profile.php?escort_id=523~Nashville Brunette Hair Escort Girl Catherine At DreamGirlsNashville | Tennessee~Hi, call now perfect Brunette hair escort girl Catherine - she is waiting for you at DreamGirlsNashville
