https://www.dreamgirlsseattle.com/~Escorts Of Seattle, WA At DreamGirlsSeattle Agency~A willing Seattle escort with the passion for treating you and the experience for pampering you with pleasures - DreamGirlsSeattle
https://www.dreamgirlsseattle.com/latina-escorts.php~Latina Escorts In Seattle At DreamGirlsSeattle~Make the right choice and plan a date with a Latina escort Seattle to be top of your priority list - DreamGirlsSeattle
https://www.dreamgirlsseattle.com/escorts-profile.php?escort_id=488~Black Hair, Escort Model Abbigail At DreamGirlsSeattle~Hire your perfect Black hair,  escort girl Abbigail to get ultimate escort experience - DreamGirlsSeattle
https://www.dreamgirlsseattle.com/escorts-profile.php?escort_id=487~Black Hair, Escort Model Iman At DreamGirlsSeattle~Hire your perfect Black hair,  escort girl Iman to get ultimate escort experience - DreamGirlsSeattle
https://www.dreamgirlsseattle.com/escorts-profile.php?escort_id=486~Black Hair, Escort Model Josephine At DreamGirlsSeattle~Hire your perfect Black hair,  escort girl Josephine to get ultimate escort experience - DreamGirlsSeattle
https://www.dreamgirlsseattle.com/escorts-profile.php?escort_id=489~Brunette Hair, Escort Model Marika At DreamGirlsSeattle~Hire your perfect Brunette hair,  escort girl Marika to get ultimate escort experience - DreamGirlsSeattle
https://www.dreamgirlsseattle.com/escorts-profile.php?escort_id=485~Black Hair, Escort Model Kathlen At DreamGirlsSeattle~Hire your perfect Black hair,  escort girl Kathlen to get ultimate escort experience - DreamGirlsSeattle
https://www.dreamgirlsseattle.com/escorts-profile.php?escort_id=484~Black Hair, Escort Model Nicole At DreamGirlsSeattle~Hire your perfect Black hair,  escort girl Nicole to get ultimate escort experience - DreamGirlsSeattle
https://www.dreamgirlsseattle.com/escorts-profile.php?escort_id=483~Black Hair, Escort Model Shianna At DreamGirlsSeattle~Hire your perfect Black hair,  escort girl Shianna to get ultimate escort experience - DreamGirlsSeattle
https://www.dreamgirlsseattle.com/escorts-profile.php?escort_id=493~Blonde Hair, Escort Model Katya At DreamGirlsSeattle~Hire your perfect Blonde hair,  escort girl Katya to get ultimate escort experience - DreamGirlsSeattle
https://www.dreamgirlsseattle.com/body-rubs.php~Seattle Body Rubs At DreamGirlsSeattle~You will love every single minute you spend with our DreamGirlsSeattle girls. They are the best at giving the body rubs Seattle
https://www.dreamgirlsseattle.com/escorts-profile.php?escort_id=491~Brunette Hair, Escort Model Alexia At DreamGirlsSeattle~Hire your perfect Brunette hair,  escort girl Alexia to get ultimate escort experience - DreamGirlsSeattle
https://www.dreamgirlsseattle.com/escorts-profile.php?escort_id=490~Blonde Hair, Escort Model Luna At DreamGirlsSeattle~Hire your perfect Blonde hair,  escort girl Luna to get ultimate escort experience - DreamGirlsSeattle
https://www.dreamgirlsseattle.com/escorts-profile.php?escort_id=492~Blonde Hair, Escort Model Lauren At DreamGirlsSeattle~Hire your perfect Blonde hair,  escort girl Lauren to get ultimate escort experience - DreamGirlsSeattle
https://www.dreamgirlsseattle.com/escorts-profile.php?escort_id=479~Brunette Hair, Escort Model Misaki At DreamGirlsSeattle~Hire your perfect Brunette hair,  escort girl Misaki to get ultimate escort experience - DreamGirlsSeattle
https://www.dreamgirlsseattle.com/escorts-profile.php?escort_id=478~Brunette Hair, Escort Model Rina At DreamGirlsSeattle~Hire your perfect Brunette hair,  escort girl Rina to get ultimate escort experience - DreamGirlsSeattle
https://www.dreamgirlsseattle.com/escorts-profile.php?escort_id=477~Brunette Hair, Escort Model Rong At DreamGirlsSeattle~Hire your perfect Brunette hair,  escort girl Rong to get ultimate escort experience - DreamGirlsSeattle
https://www.dreamgirlsseattle.com/escorts-profile.php?escort_id=475~Blonde Hair, Escort Model Albina At DreamGirlsSeattle~Hire your perfect Blonde hair,  escort girl Albina to get ultimate escort experience - DreamGirlsSeattle
https://www.dreamgirlsseattle.com/escorts-profile.php?escort_id=474~Brunette Hair, Escort Model Alina At DreamGirlsSeattle~Hire your perfect Brunette hair,  escort girl Alina to get ultimate escort experience - DreamGirlsSeattle
https://www.dreamgirlsseattle.com/escorts-profile.php?escort_id=476~Blonde Hair, Escort Model Agnessa At DreamGirlsSeattle~Hire your perfect Blonde hair,  escort girl Agnessa to get ultimate escort experience - DreamGirlsSeattle
https://www.dreamgirlsseattle.com/escorts-profile.php?escort_id=472~Brunette Hair, Escort Model Lana At DreamGirlsSeattle~Hire your perfect Brunette hair,  escort girl Lana to get ultimate escort experience - DreamGirlsSeattle
https://www.dreamgirlsseattle.com/escorts-profile.php?escort_id=482~Brunette Hair, Escort Model Anny At DreamGirlsSeattle~Hire your perfect Brunette hair,  escort girl Anny to get ultimate escort experience - DreamGirlsSeattle
https://www.dreamgirlsseattle.com/escorts-profile.php?escort_id=481~Brunette Hair, Escort Model Kura At DreamGirlsSeattle~Hire your perfect Brunette hair,  escort girl Kura to get ultimate escort experience - DreamGirlsSeattle
https://www.dreamgirlsseattle.com/escorts-profile.php?escort_id=480~Brunette Hair, Escort Model Lee At DreamGirlsSeattle~Hire your perfect Brunette hair,  escort girl Lee to get ultimate escort experience - DreamGirlsSeattle
https://www.dreamgirlsseattle.com/escorts-profile.php?escort_id=473~Blonde Hair, Escort Model Evelina At DreamGirlsSeattle~Hire your perfect Blonde hair,  escort girl Evelina to get ultimate escort experience - DreamGirlsSeattle
https://www.dreamgirlsseattle.com/about.php~About DreamGirlsSeattle Escort Service Agency~Read about DreamGirlsSeattle escort service agency to know about our benefits
https://www.dreamgirlsseattle.com/black-escorts.php~Seattle Black Escorts. Ebony Girls At DreamGirlsSeattle~You will be surprised by the sense of humor of our Seattle ebony girls and how good they are at getting things done your way - DreamGirlsSeattle.
https://www.dreamgirlsseattle.com/escorts-profile.php?escort_id=494~Brunette Hair, Escort Model Emilia At DreamGirlsSeattle~Hire your perfect Brunette hair,  escort girl Emilia to get ultimate escort experience - DreamGirlsSeattle
https://www.dreamgirlsseattle.com/employment.php~Become An Escort With DreamGirlsSeattle Agency~Become a VIP escort in Seattle with DreamGirlsSeattle agency. Submit your photos and we'll call you back
https://www.dreamgirlsseattle.com/bbw-escorts.php~Seattle BBW Escorts At DreamGirlsSeattle~DreamGirlsSeattle agency has personally handpicked the best BBW escorts Seattle for your enjoyment and entertainment. Call us now!
https://www.dreamgirlsseattle.com/erotic-massage.php~Massage In Seattle Downtown At DreamGirlsSeattle~We are the best agency for the erotic massage in Seattle, and that can be seen by the diversity of our masseuses - DreamGirlsSeattle
https://www.dreamgirlsseattle.com/contact.php~Contact DreamGirlsSeattle Escort Service Agency~Contact DreamGirlsSeattle: submit you question through our online form and we'll get back to you asap
https://www.dreamgirlsseattle.com/booking.php~Book Escort Girls At DreamGirlsSeattle Agency~Book one of our stunning escort girls in Seattle at DreamGirlsSeattle agency
https://www.dreamgirlsseattle.com/mature-escorts.php~Mature Escorts In Seattle At DreamGirlsSeattle~Your long search for a mature escort ends here today with us. We have the women you desire and ready to send them to your hotel room any minute now - DreamGirlsSeattle.
https://www.dreamgirlsseattle.com/busty-escorts.php~Seattle Busty Escort At DreamGirlsSeattle~Make the right decision on how to have fun in Seattle today by hiring any of our busty escorts right away - DreamGirlsSeattle
https://www.dreamgirlsseattle.com/escorts-profile.php?escort_id=469~Brunette Hair, Escort Model Sara At DreamGirlsSeattle~Hire your perfect Brunette hair,  escort girl Sara to get ultimate escort experience - DreamGirlsSeattle
https://www.dreamgirlsseattle.com/escorts-profile.php?escort_id=468~Blonde Hair, Escort Model Viola At DreamGirlsSeattle~Hire your perfect Blonde hair,  escort girl Viola to get ultimate escort experience - DreamGirlsSeattle
https://www.dreamgirlsseattle.com/escorts-profile.php?escort_id=466~Blonde Hair, Escort Model Yana At DreamGirlsSeattle~Hire your perfect Blonde hair,  escort girl Yana to get ultimate escort experience - DreamGirlsSeattle
https://www.dreamgirlsseattle.com/index.php~Escorts Of Seattle, WA At DreamGirlsSeattle Agency~A willing Seattle escort with the passion for treating you and the experience for pampering you with pleasures - DreamGirlsSeattle
https://www.dreamgirlsseattle.com/escorts-profile.php?escort_id=467~Brunette Hair, Escort Model Zara At DreamGirlsSeattle~Hire your perfect Brunette hair,  escort girl Zara to get ultimate escort experience - DreamGirlsSeattle
https://www.dreamgirlsseattle.com/escorts-profile.php?escort_id=470~Brunette Hair, Escort Model Monika At DreamGirlsSeattle~Hire your perfect Brunette hair,  escort girl Monika to get ultimate escort experience - DreamGirlsSeattle
https://www.dreamgirlsseattle.com/escorts-profile.php?escort_id=471~Blonde Hair, Escort Model Lily At DreamGirlsSeattle~Hire your perfect Blonde hair,  escort girl Lily to get ultimate escort experience - DreamGirlsSeattle
https://www.dreamgirlsseattle.com/girlfriend-experience.php~Seattle GFE (Girlfriend Experience) At DreamGirlsSeattle~The Seattle GFE as you can imagine is offered by only the best escorts in Seattle specially handpicked by our DreamGirlsSeattle agency
https://www.dreamgirlsseattle.com/asian-escorts.php~Seattle Asian Escorts. Korean Girls At DreamGirlsSeattle~You will spend time with Seattle Asian escorts as you desire to get all those good treats Asian women give to their men - DreamGirlsSeattle.
