http://www.dreamgirlsaustin.com/~Reliable Escorts Of Austin At DreamGirlsAustin | Texas~If you are searching for a safe and secure escort agency in Austin then you are at the right place here at DreamGirlsAustin with beautiful Austin escorts.
http://www.dreamgirlsaustin.com/escorts-profile.php?escort_id=625~Austin Brunette Hair Hot Escort Girl Nicky - DreamGirlsAustin | Texas~Sexy Brunette hair escort girl Nicky is for your enjoyment at DreamGirlsAustin
http://www.dreamgirlsaustin.com/contact.php~Contact Us - Hot Austin Escorts For You At DreamGirlsAustin | Texas~Contact us anytime to know our services and escorts we are providing maintaing a great client satisfaction at DreamGirlsAustin.
http://www.dreamgirlsaustin.com/escorts-profile.php?escort_id=624~Austin Black Hair Hot Escort Girl Melinda - DreamGirlsAustin | Texas~Sexy Black hair escort girl Melinda is for your enjoyment at DreamGirlsAustin
http://www.dreamgirlsaustin.com/booking.php~Booking - Hot Austin Escorts For You At DreamGirlsAustin | Texas~As you are thinking to spend time with hot and sexy escorts, you can come to us for immediate booking at DreamGirlsAustin.
http://www.dreamgirlsaustin.com/escorts-profile.php?escort_id=629~Austin Black Hair Hot Escort Girl Mina - DreamGirlsAustin | Texas~Sexy Black hair escort girl Mina is for your enjoyment at DreamGirlsAustin
http://www.dreamgirlsaustin.com/escorts-profile.php?escort_id=626~Austin Brunette Hair Hot Escort Girl Margarita - DreamGirlsAustin | Texas~Sexy Brunette hair escort girl Margarita is for your enjoyment at DreamGirlsAustin
http://www.dreamgirlsaustin.com/elite-escorts.php~Hot Austin Elite Escorts For You - DreamGirlsAustin | Texas~Our escorts are pretty much high class at DreamGirlsAustin in Austin can provide you such experiences you can not forget forever.
http://www.dreamgirlsaustin.com/escorts-profile.php?escort_id=636~Austin Black Hair Hot Escort Girl Monica - DreamGirlsAustin | Texas~Sexy Black hair escort girl Monica is for your enjoyment at DreamGirlsAustin
http://www.dreamgirlsaustin.com/latinas-escorts.php~Hot Austin Latina Escorts For You - DreamGirlsAustin | Texas~We personally guarantee you that you will never fall in love with someone else if once you have been with a Latin escort we have at DreamGirlsAustin.
http://www.dreamgirlsaustin.com/escorts-profile.php?escort_id=635~Austin Black Hair Hot Escort Girl Maya - DreamGirlsAustin | Texas~Sexy Black hair escort girl Maya is for your enjoyment at DreamGirlsAustin
http://www.dreamgirlsaustin.com/escorts-profile.php?escort_id=628~Austin Brunette Hair Hot Escort Girl Apple - DreamGirlsAustin | Texas~Sexy Brunette hair escort girl Apple is for your enjoyment at DreamGirlsAustin
http://www.dreamgirlsaustin.com/escorts-profile.php?escort_id=633~Austin Black Hair Hot Escort Girl Erica - DreamGirlsAustin | Texas~Sexy Black hair escort girl Erica is for your enjoyment at DreamGirlsAustin
http://www.dreamgirlsaustin.com/escorts-profile.php?escort_id=639~Austin Blonde Hair Hot Escort Girl Benedetta - DreamGirlsAustin | Texas~Sexy Blonde hair escort girl Benedetta is for your enjoyment at DreamGirlsAustin
http://www.dreamgirlsaustin.com/escorts-profile.php?escort_id=634~Austin Black Hair Hot Escort Girl Kayla - DreamGirlsAustin | Texas~Sexy Black hair escort girl Kayla is for your enjoyment at DreamGirlsAustin
http://www.dreamgirlsaustin.com/escorts-profile.php?escort_id=638~Austin Blonde Hair Hot Escort Girl Paula - DreamGirlsAustin | Texas~Sexy Blonde hair escort girl Paula is for your enjoyment at DreamGirlsAustin
http://www.dreamgirlsaustin.com/escorts-profile.php?escort_id=627~Austin Brunette Hair Hot Escort Girl Elizabeth - DreamGirlsAustin | Texas~Sexy Brunette hair escort girl Elizabeth is for your enjoyment at DreamGirlsAustin
http://www.dreamgirlsaustin.com/escorts-profile.php?escort_id=631~Austin Brunette Hair Hot Escort Girl Oay - DreamGirlsAustin | Texas~Sexy Brunette hair escort girl Oay is for your enjoyment at DreamGirlsAustin
http://www.dreamgirlsaustin.com/escorts-profile.php?escort_id=630~Austin Brunette Hair Hot Escort Girl Nong - DreamGirlsAustin | Texas~Sexy Brunette hair escort girl Nong is for your enjoyment at DreamGirlsAustin
http://www.dreamgirlsaustin.com/escorts-profile.php?escort_id=632~Austin Brunette Hair Hot Escort Girl Ying - DreamGirlsAustin | Texas~Sexy Brunette hair escort girl Ying is for your enjoyment at DreamGirlsAustin
http://www.dreamgirlsaustin.com/gfe-escorts.php~Hot Austin GFE Escorts For You - DreamGirlsAustin | Texas~Always we provide the best in class escorts to our clients. So hire the best Austin GFE escort from us at DreamGirlsAustin.
http://www.dreamgirlsaustin.com/mature-escorts.php~Hot Austin Mature Escorts For You - DreamGirlsAustin | Texas~To fulfill your dream to be with mature ladies you should contact us. We have over hundreds of mature escorts working for us at DreamGirlsAustin.
http://www.dreamgirlsaustin.com/escorts-profile.php?escort_id=645~Austin Blonde Hair Hot Escort Girl Julia - DreamGirlsAustin | Texas~Sexy Blonde hair escort girl Julia is for your enjoyment at DreamGirlsAustin
http://www.dreamgirlsaustin.com/asian-escorts.php~Hot Austin Asian Escorts For You - DreamGirlsAustin | Texas~A huge collection of Asian escorts are available at DreamGirlsAustin in Austin, we can guarantee your real satisfaction.
http://www.dreamgirlsaustin.com/escorts-profile.php?escort_id=644~Austin Brunette Hair Hot Escort Girl Jacquelin - DreamGirlsAustin | Texas~Sexy Brunette hair escort girl Jacquelin is for your enjoyment at DreamGirlsAustin
http://www.dreamgirlsaustin.com/escorts-profile.php?escort_id=643~Austin Black Hair Hot Escort Girl Ingrid - DreamGirlsAustin | Texas~Sexy Black hair escort girl Ingrid is for your enjoyment at DreamGirlsAustin
http://www.dreamgirlsaustin.com/escorts-profile.php?escort_id=642~Austin Brunette Hair Hot Escort Girl Luisa - DreamGirlsAustin | Texas~Sexy Brunette hair escort girl Luisa is for your enjoyment at DreamGirlsAustin
http://www.dreamgirlsaustin.com/escorts-profile.php?escort_id=641~Austin Blonde Hair Hot Escort Girl Helena - DreamGirlsAustin | Texas~Sexy Blonde hair escort girl Helena is for your enjoyment at DreamGirlsAustin
http://www.dreamgirlsaustin.com/escorts-profile.php?escort_id=640~Austin Brunette Hair Hot Escort Girl Dilli - DreamGirlsAustin | Texas~Sexy Brunette hair escort girl Dilli is for your enjoyment at DreamGirlsAustin
http://www.dreamgirlsaustin.com/escorts-profile.php?escort_id=646~Austin Blonde Hair Hot Escort Girl Amelia - DreamGirlsAustin | Texas~Sexy Blonde hair escort girl Amelia is for your enjoyment at DreamGirlsAustin
http://www.dreamgirlsaustin.com/employment.php~Join Us At DreamGirlsAustin In Austin | Texas~If you searching for a reliable escort agency to start your career then DreamGirlsAustin is the best option for you in Austin.
http://www.dreamgirlsaustin.com/about.php~About Us - Hot Austin Escorts For You At DreamGirlsAustin | Texas~We are here open 24/7 to  serve our clients at DreamGirlsAustin. Our hot escorts are available for 24 hours to provide you.
http://www.dreamgirlsaustin.com/escorts-profile.php?escort_id=637~Austin Black Hair Hot Escort Girl Venessa - DreamGirlsAustin | Texas~Sexy Black hair escort girl Venessa is for your enjoyment at DreamGirlsAustin
http://www.dreamgirlsaustin.com/bbw-escorts.php~Hot Austin BBW Escorts For You - DreamGirlsAustin | Texas~You can make your time memorable forever in Austin by spending time with our hot and amazing BBW escorts at DreamGirlsAustin.
