http://www.dreamgirlsdallas.com/~Find Dallas Escorts At DreamGirlsDallas~If you are looking for pleasure, this is the best place for you. We ensure here at focusing on satisfaction highly for all the guys like you.
http://www.dreamgirlsdallas.com/indian-escorts.php~Dallas Indian Escorts - Find At DreamGirlsDallas~As you want to have the best experience in Dallas, please don't miss to meet Indian escorts in Dallas who ensure that you are properly taken care of here.
http://www.dreamgirlsdallas.com/outcall-escorts.php~Dallas outcall Escorts - Find At DreamGirlsDallas~Meet one of our stunning outcall escorts and have an experience that you will never forget. Don't think more, just book one of them right now.
http://www.dreamgirlsdallas.com/asian-escorts.php~Dallas Asian Escorts - Find At DreamGirlsDallas~Choose a highly rated professional Asian escort girl from a variety of girls available here at DreamGirlsDallas.
http://www.dreamgirlsdallas.com/vip-escorts.php~Dallas VIP Escorts - Find At DreamGirlsDallas~Dallas VIP escorts are professional and will definitely give you an amazing time like never before. Meet one of them today at DreamGirlsDallas.
http://www.dreamgirlsdallas.com/fetish-escorts.php~Dallas Fetish Escorts - Find At DreamGirlsDallas~DreamGirlsDallas is the only place you will need to visit if you want to get to have the satisfaction like never before.
http://www.dreamgirlsdallas.com/cheap-escorts.php~Dallas cheap Escorts - Find At DreamGirlsDallas~Don't miss from having the best time in Dallas. With guaranteed privacy meet one of our cheap escorts available at DreamGirlsDallas in Dallas city.
http://www.dreamgirlsdallas.com/mature-escorts.php~Dallas Mature Escorts - Find At DreamGirlsDallas~You can choose an amazing and experienced mature escort girl from a wide selection of girls at our agency DreamGirlsDallas in Dallas city.
http://www.dreamgirlsdallas.com/employment.php~Be An Upscale Escort At DreamGirlsDallas~DreamGirlsDallas - the best escort agency in Dallas. Start your dream career as a top class escort at our agency.
http://www.dreamgirlsdallas.com/latinas-escorts.php~Dallas Latinas Escorts - Find At DreamGirlsDallas~Meet incredibly beautiful girls who will do everything possible to make sure that you get the experience of a satisfaction fully.
http://www.dreamgirlsdallas.com/gfe-escorts.php~Dallas GFE Escorts - Find At DreamGirlsDallas~There is nothing more amazing than the feeling you get when you are enjoying your peaceful moments with one of our surprising escorts at DreamGirlsDallas.
http://www.dreamgirlsdallas.com/blonde-escorts.php~Dallas blonde Escorts - Find At DreamGirlsDallas~If you are thinking to figure out how to enjoy a good time in Dallas, look no more. Please meet a blonde escort right now at DreamGirlsDallas.
http://www.dreamgirlsdallas.com/escorts-profile.php?escort_id=590~Brunette hair escort girl Pooja from Dallas - DreamGirlsDallas~Call you perfect Brunette hair escort Pooja - she is waiting for you at DreamGirlsDallas
http://www.dreamgirlsdallas.com/escorts-profile.php?escort_id=593~Brunette hair escort girl Sohani from Dallas - DreamGirlsDallas~Call you perfect Brunette hair escort Sohani - she is waiting for you at DreamGirlsDallas
http://www.dreamgirlsdallas.com/escorts-profile.php?escort_id=594~Blonde hair escort girl Christine from Dallas - DreamGirlsDallas~Call you perfect Blonde hair escort Christine - she is waiting for you at DreamGirlsDallas
http://www.dreamgirlsdallas.com/ebony-escorts.php~Dallas Ebony Escorts - Find At DreamGirlsDallas~Meet the ladies they do pay attention to your most intimate needs which can make it easier for a lot of guys like you to come to Dallas again.
http://www.dreamgirlsdallas.com/escorts-profile.php?escort_id=591~Brunette hair escort girl Rani from Dallas - DreamGirlsDallas~Call you perfect Brunette hair escort Rani - she is waiting for you at DreamGirlsDallas
http://www.dreamgirlsdallas.com/escorts-profile.php?escort_id=587~Brunette hair escort girl Eshita from Dallas - DreamGirlsDallas~Call you perfect Brunette hair escort Eshita - she is waiting for you at DreamGirlsDallas
http://www.dreamgirlsdallas.com/escorts-profile.php?escort_id=584~Blonde hair escort girl Linda from Dallas - DreamGirlsDallas~Call you perfect Blonde hair escort Linda - she is waiting for you at DreamGirlsDallas
http://www.dreamgirlsdallas.com/escorts-profile.php?escort_id=589~Brunette hair escort girl Maya from Dallas - DreamGirlsDallas~Call you perfect Brunette hair escort Maya - she is waiting for you at DreamGirlsDallas
http://www.dreamgirlsdallas.com/escorts-profile.php?escort_id=588~Brunette hair escort girl Maira from Dallas - DreamGirlsDallas~Call you perfect Brunette hair escort Maira - she is waiting for you at DreamGirlsDallas
http://www.dreamgirlsdallas.com/escorts-profile.php?escort_id=586~Brunette hair escort girl Aleza from Dallas - DreamGirlsDallas~Call you perfect Brunette hair escort Aleza - she is waiting for you at DreamGirlsDallas
http://www.dreamgirlsdallas.com/escorts-profile.php?escort_id=592~Brunette hair escort girl Ravi from Dallas - DreamGirlsDallas~Call you perfect Brunette hair escort Ravi - she is waiting for you at DreamGirlsDallas
http://www.dreamgirlsdallas.com/escorts-profile.php?escort_id=585~Brunette hair escort girl Ruby from Dallas - DreamGirlsDallas~Call you perfect Brunette hair escort Ruby - she is waiting for you at DreamGirlsDallas
http://www.dreamgirlsdallas.com/contact.php~Contact Us - Dallas Escorts At DreamGirlsDallas~We are open for 24/7 hours, for any query please contact us right now.
http://www.dreamgirlsdallas.com/escorts-profile.php?escort_id=598~Blonde hair escort girl Lauren from Dallas - DreamGirlsDallas~Call you perfect Blonde hair escort Lauren - she is waiting for you at DreamGirlsDallas
http://www.dreamgirlsdallas.com/escorts-profile.php?escort_id=595~Blonde hair escort girl Emali from Dallas - DreamGirlsDallas~Call you perfect Blonde hair escort Emali - she is waiting for you at DreamGirlsDallas
http://www.dreamgirlsdallas.com/escorts-profile.php?escort_id=599~Brunette hair escort girl Aisha from Dallas - DreamGirlsDallas~Call you perfect Brunette hair escort Aisha - she is waiting for you at DreamGirlsDallas
http://www.dreamgirlsdallas.com/escorts-profile.php?escort_id=596~Brunette hair escort girl Emilia from Dallas - DreamGirlsDallas~Call you perfect Brunette hair escort Emilia - she is waiting for you at DreamGirlsDallas
http://www.dreamgirlsdallas.com/escorts-profile.php?escort_id=597~Blonde hair escort girl Katya from Dallas - DreamGirlsDallas~Call you perfect Blonde hair escort Katya - she is waiting for you at DreamGirlsDallas
http://www.dreamgirlsdallas.com/busty-escorts.php~Dallas busty Escorts - Find At DreamGirlsDallas~Are you looking for an incredible experience for you in Dallas? Meet a busty escort available at DreamGirlsDallas to enjoy a good time here really.
http://www.dreamgirlsdallas.com/bbw-escorts.php~Dallas BBW Escorts - Find At DreamGirlsDallas~Get the satisfaction of meeting a lot of BBW escorts available at DreamGirlsDallas in Dallas and explore your utmost desires today.
http://www.dreamgirlsdallas.com/about.php~About Us - Dallas Escorts At DreamGirlsDallas~Thanks for visiting us, we are a top escort agency with upscale escorts who can make you bound to take our service again through their escortic skills.
http://www.dreamgirlsdallas.com/escorts-profile.php?escort_id=569~Brunette hair escort girl Yoko from Dallas - DreamGirlsDallas~Call you perfect Brunette hair escort Yoko - she is waiting for you at DreamGirlsDallas
http://www.dreamgirlsdallas.com/escorts-profile.php?escort_id=563~Brunette hair escort girl Alice from Dallas - DreamGirlsDallas~Call you perfect Brunette hair escort Alice - she is waiting for you at DreamGirlsDallas
http://www.dreamgirlsdallas.com/escorts-profile.php?escort_id=568~Brunette hair escort girl Sassie from Dallas - DreamGirlsDallas~Call you perfect Brunette hair escort Sassie - she is waiting for you at DreamGirlsDallas
http://www.dreamgirlsdallas.com/escorts-profile.php?escort_id=564~Brunette hair escort girl Eccie from Dallas - DreamGirlsDallas~Call you perfect Brunette hair escort Eccie - she is waiting for you at DreamGirlsDallas
http://www.dreamgirlsdallas.com/escorts-profile.php?escort_id=602~Brunette hair escort girl Marcela from Dallas - DreamGirlsDallas~Call you perfect Brunette hair escort Marcela - she is waiting for you at DreamGirlsDallas
http://www.dreamgirlsdallas.com/escorts-profile.php?escort_id=565~Brunette hair escort girl July from Dallas - DreamGirlsDallas~Call you perfect Brunette hair escort July - she is waiting for you at DreamGirlsDallas
http://www.dreamgirlsdallas.com/escorts-profile.php?escort_id=601~Brunette hair escort girl Bruna from Dallas - DreamGirlsDallas~Call you perfect Brunette hair escort Bruna - she is waiting for you at DreamGirlsDallas
http://www.dreamgirlsdallas.com/escorts-profile.php?escort_id=567~Brunette hair escort girl Nana from Dallas - DreamGirlsDallas~Call you perfect Brunette hair escort Nana - she is waiting for you at DreamGirlsDallas
http://www.dreamgirlsdallas.com/escorts-profile.php?escort_id=600~Brunette hair escort girl Alexia from Dallas - DreamGirlsDallas~Call you perfect Brunette hair escort Alexia - she is waiting for you at DreamGirlsDallas
http://www.dreamgirlsdallas.com/escorts-profile.php?escort_id=603~Brunette hair escort girl Sabina from Dallas - DreamGirlsDallas~Call you perfect Brunette hair escort Sabina - she is waiting for you at DreamGirlsDallas
http://www.dreamgirlsdallas.com/escorts-profile.php?escort_id=566~Brunette hair escort girl Lian from Dallas - DreamGirlsDallas~Call you perfect Brunette hair escort Lian - she is waiting for you at DreamGirlsDallas
http://www.dreamgirlsdallas.com/booking.php~Booking - Dallas Escorts At DreamGirlsDallas~To meet high-class escorts, book immediately at DreamGirlsDallas and have a great experience for ever.
http://www.dreamgirlsdallas.com/escorts-profile.php?escort_id=582~Brunette hair escort girl Ella from Dallas - DreamGirlsDallas~Call you perfect Brunette hair escort Ella - she is waiting for you at DreamGirlsDallas
http://www.dreamgirlsdallas.com/escorts-profile.php?escort_id=583~Brunette hair escort girl Jessica from Dallas - DreamGirlsDallas~Call you perfect Brunette hair escort Jessica - she is waiting for you at DreamGirlsDallas
http://www.dreamgirlsdallas.com/escorts-profile.php?escort_id=580~Black hair escort girl Tish from Dallas - DreamGirlsDallas~Call you perfect Black hair escort Tish - she is waiting for you at DreamGirlsDallas
http://www.dreamgirlsdallas.com/escorts-profile.php?escort_id=576~Black hair escort girl Megan from Dallas - DreamGirlsDallas~Call you perfect Black hair escort Megan - she is waiting for you at DreamGirlsDallas
http://www.dreamgirlsdallas.com/escorts-profile.php?escort_id=579~Black hair escort girl Milan from Dallas - DreamGirlsDallas~Call you perfect Black hair escort Milan - she is waiting for you at DreamGirlsDallas
http://www.dreamgirlsdallas.com/escorts-profile.php?escort_id=575~Black hair escort girl Linda from Dallas - DreamGirlsDallas~Call you perfect Black hair escort Linda - she is waiting for you at DreamGirlsDallas
http://www.dreamgirlsdallas.com/escorts-profile.php?escort_id=578~Black hair escort girl Miami from Dallas - DreamGirlsDallas~Call you perfect Black hair escort Miami - she is waiting for you at DreamGirlsDallas
http://www.dreamgirlsdallas.com/escorts-profile.php?escort_id=577~Black hair escort girl Melaine from Dallas - DreamGirlsDallas~Call you perfect Black hair escort Melaine - she is waiting for you at DreamGirlsDallas
http://www.dreamgirlsdallas.com/escorts-profile.php?escort_id=581~Brunette hair escort girl Deea from Dallas - DreamGirlsDallas~Call you perfect Brunette hair escort Deea - she is waiting for you at DreamGirlsDallas
http://www.dreamgirlsdallas.com/escorts-profile.php?escort_id=571~Blonde hair escort girl Clare from Dallas - DreamGirlsDallas~Call you perfect Blonde hair escort Clare - she is waiting for you at DreamGirlsDallas
http://www.dreamgirlsdallas.com/escorts-profile.php?escort_id=572~Black hair escort girl Holly from Dallas - DreamGirlsDallas~Call you perfect Black hair escort Holly - she is waiting for you at DreamGirlsDallas
http://www.dreamgirlsdallas.com/escorts-profile.php?escort_id=570~Brunette hair escort girl Angela from Dallas - DreamGirlsDallas~Call you perfect Brunette hair escort Angela - she is waiting for you at DreamGirlsDallas
http://www.dreamgirlsdallas.com/escorts-profile.php?escort_id=573~Blonde hair escort girl Micky from Dallas - DreamGirlsDallas~Call you perfect Blonde hair escort Micky - she is waiting for you at DreamGirlsDallas
http://www.dreamgirlsdallas.com/escorts-profile.php?escort_id=574~Blonde hair escort girl Rachel from Dallas - DreamGirlsDallas~Call you perfect Blonde hair escort Rachel - she is waiting for you at DreamGirlsDallas
