https://www.chicagomassagegirls.com/~Chicago Erotic Massage By Sensual Masseuses At Chicago Massage Girls~If you are planning to opt for erotic massage then there is no one who can compete with us. We deal with only those who are totally client oriented and who understands the requirements of clients. Our sensual girls are super hot, and their services even hotter than them - Chicago Massage Girls.
https://www.chicagomassagegirls.com/contact.php~Contact Us | Chicago Massage Girls~Contact our agency 24/7 with our online contact form - Chicago Massage Girls.
https://www.chicagomassagegirls.com/body-rubs.php~Body Rubs At Chicago Massage Girls~Sexy and hot masseuses who are complete professionals are the only ones you should hire. These professional masseuses are totally awesome and they know how to treat a man with love and respect - Chicago Massage Girls.
https://www.chicagomassagegirls.com/rona.php~Masseuse Rona | Chicago Massage Girls~Our beautiful masseuse Rona will provide you any type of massage for your better relaxation - Chicago Massage Girls.
https://www.chicagomassagegirls.com/luna.php~Masseuse Luna | Chicago Massage Girls~Our beautiful masseuse Luna will provide you any type of massage for your better relaxation - Chicago Massage Girls.
https://www.chicagomassagegirls.com/booking.php~Online Booking Form | Chicago Massage Girls~Book the best masseuses in Chicago using our online booking form - Chicago Massage Girls.
https://www.chicagomassagegirls.com/blair.php~Masseuse Blair | Chicago Massage Girls~Our beautiful masseuse Blair will provide you any type of massage for your better relaxation - Chicago Massage Girls.
https://www.chicagomassagegirls.com/lily.php~Masseuse Lily | Chicago Massage Girls~Our beautiful masseuse Lily will provide you any type of massage for your better relaxation - Chicago Massage Girls.
https://www.chicagomassagegirls.com/flavia.php~Masseuse Flavia | Chicago Massage Girls~Our beautiful masseuse Flavia will provide you any type of massage for your better relaxation - Chicago Massage Girls.
https://www.chicagomassagegirls.com/about.php~About Us | Chicago Massage Girls~We guarantee that nobody in Chicago can provide you what we have. We are the best in erotic massage, and our girls are so damn hot that you will remember them for a long period of time - Chicago Massage Girls.
https://www.chicagomassagegirls.com/nancy.php~Masseuse Nancy | Chicago Massage Girls~Our beautiful masseuse Nancy will provide you any type of massage for your better relaxation - Chicago Massage Girls.
https://www.chicagomassagegirls.com/claudia.php~Masseuse Claudia | Chicago Massage Girls~Our beautiful masseuse Claudia will provide you any type of massage for your better relaxation - Chicago Massage Girls.
https://www.chicagomassagegirls.com/amy.php~Masseuse Amy | Chicago Massage Girls~Our beautiful masseuse Amy will provide you any type of massage for your better relaxation - Chicago Massage Girls.
https://www.chicagomassagegirls.com/viola.php~Masseuse Viola | Chicago Massage Girls~Our beautiful masseuse Viola will provide you any type of massage for your better relaxation - Chicago Massage Girls.
https://www.chicagomassagegirls.com/arina.php~Masseuse Arina | Chicago Massage Girls~Our beautiful masseuse Arina will provide you any type of massage for your better relaxation - Chicago Massage Girls.
https://www.chicagomassagegirls.com/katerina.php~Masseuse Katerina | Chicago Massage Girls~Our beautiful masseuse Katerina will provide you any type of massage for your better relaxation - Chicago Massage Girls.
https://www.chicagomassagegirls.com/jane.php~Masseuse Jane | Chicago Massage Girls~Our beautiful masseuse Jane will provide you any type of massage for your better relaxation - Chicago Massage Girls.
https://www.chicagomassagegirls.com/irina.php~Masseuse Irina | Chicago Massage Girls~Our beautiful masseuse Irina will provide you any type of massage for your better relaxation - Chicago Massage Girls.
https://www.chicagomassagegirls.com/chloe.php~Masseuse Chloe | Chicago Massage Girls~Our beautiful masseuse Chloe will provide you any type of massage for your better relaxation - Chicago Massage Girls.
https://www.chicagomassagegirls.com/erika.php~Masseuse Erika | Chicago Massage Girls~Our beautiful masseuse Erika will provide you any type of massage for your better relaxation - Chicago Massage Girls.
https://www.chicagomassagegirls.com/andreia.php~Masseuse Andreia | Chicago Massage Girls~Our beautiful masseuse Andreia will provide you any type of massage for your better relaxation - Chicago Massage Girls.
https://www.chicagomassagegirls.com/alena.php~Masseuse Alena | Chicago Massage Girls~Our beautiful masseuse Alena will provide you any type of massage for your better relaxation - Chicago Massage Girls.
https://www.chicagomassagegirls.com/katie.php~Masseuse Katie | Chicago Massage Girls~Our beautiful masseuse Katie will provide you any type of massage for your better relaxation - Chicago Massage Girls.
https://www.chicagomassagegirls.com/mimi.php~Masseuse Mimi | Chicago Massage Girls~Our beautiful masseuse Mimi will provide you any type of massage for your better relaxation - Chicago Massage Girls.
https://www.chicagomassagegirls.com/myla.php~Masseuse Myla | Chicago Massage Girls~Our beautiful masseuse Myla will provide you any type of massage for your better relaxation - Chicago Massage Girls.
https://www.chicagomassagegirls.com/milana.php~Masseuse Milana | Chicago Massage Girls~Our beautiful masseuse Milana will provide you any type of massage for your better relaxation - Chicago Massage Girls.
https://www.chicagomassagegirls.com/marta.php~Masseuse Marta | Chicago Massage Girls~Our beautiful masseuse Marta will provide you any type of massage for your better relaxation - Chicago Massage Girls.
https://www.chicagomassagegirls.com/full-body.php~Full Body Massage At Chicago Massage Girls~Sexy masseuses from our agency will provide you the best full body massage. You are just a call away from getting the best pleasures of your life - Chicago Massage Girls.
https://www.chicagomassagegirls.com/couples.php~Couples Massage At Chicago Massage Girls~Couples massage is simply the best, because you get to enjoy all the pleasures while your partner also enjoys it. Just come to us now and spend the most amazing time of your life with our hot and sensual masseuses - Chicago Massage Girls.
https://www.chicagomassagegirls.com/escort.php~Escort Massage At Chicago Massage Girls~We guarantee that you are going to have the best time with our sexy masseuses. Once you have spent time with them, you will definitely fall in love with what they have to offer - Chicago Massage Girls.
https://www.chicagomassagegirls.com/cherrie.php~Masseuse Cherrie | Chicago Massage Girls~Our beautiful masseuse Cherrie will provide you any type of massage for your better relaxation - Chicago Massage Girls.
https://www.chicagomassagegirls.com/pamela.php~Masseuse Pamela | Chicago Massage Girls~Our beautiful masseuse Pamela will provide you any type of massage for your better relaxation - Chicago Massage Girls.
https://www.chicagomassagegirls.com/happy-ending.php~Happy Ending Massage At Chicago Massage Girls~We guarantee that there is nothing better than happy ending massage, and you are going to enjoy this a lot. This is the only massage therapy which ensures that you are going to have the best time of your life - Chicago Massage Girls.
https://www.chicagomassagegirls.com/evelyn.php~Masseuse Evelyn | Chicago Massage Girls~Our beautiful masseuse Evelyn will provide you any type of massage for your better relaxation - Chicago Massage Girls.
https://www.chicagomassagegirls.com/jasmin.php~Masseuse Jasmin | Chicago Massage Girls~Our beautiful masseuse Jasmin will provide you any type of massage for your better relaxation - Chicago Massage Girls.
https://www.chicagomassagegirls.com/nuru.php~NURU Massage At Chicago Massage Girls~If want to experience some erotic moments with a sexy lady, then NURU massage is the only thing you need. Come to us now and you will not be dissapointed - Chicago Massage Girls.
https://www.chicagomassagegirls.com/cassie.php~Masseuse Cassie | Chicago Massage Girls~Our beautiful masseuse Cassie will provide you any type of massage for your better relaxation - Chicago Massage Girls.
https://www.chicagomassagegirls.com/cindy.php~Masseuse Cindy | Chicago Massage Girls~Our beautiful masseuse Cindy will provide you any type of massage for your better relaxation - Chicago Massage Girls.
https://www.chicagomassagegirls.com/tantra.php~Tantra Massage At Chicago Massage Girls~If you want to get more from massage, then tantra massage is the only thing you need. You are not going to believe how amazing these girls can be with you and how amazing their techniques are - Chicago Massage Girls.
https://www.chicagomassagegirls.com/valentina.php~Masseuse Valentina | Chicago Massage Girls~Our beautiful masseuse Valentina will provide you any type of massage for your better relaxation - Chicago Massage Girls.
https://www.chicagomassagegirls.com/in-room.php~Massage In Your Room At Chicago Massage Girls~If you love hanging out in your room and want erotic services without moving from your place, then in room massage is the best thing to do. We have lots of sexy masseuses available 24/7 - Chicago Massage Girls.
https://www.chicagomassagegirls.com/outcall.php~Outcall Massage At Chicago Massage Girls~Outcall massage is simply great since it is provided by hot masseuses who are always willing to go beyond their duties to serve you and please you. Hire your masseuse now - Chicago Massage Girls.
https://www.chicagomassagegirls.com/marina.php~Masseuse Marina | Chicago Massage Girls~Our beautiful masseuse Marina will provide you any type of massage for your better relaxation - Chicago Massage Girls.
