https://www.dreamgirlshouston.com/~Houston Escorts | Amazing Escort Girls At DreamGirlsHouston | Texas~Look through our huge Houston escorts gallery and book your preferred Houston escort at DreamGirlsHouston now to receive the experience of a lifetime.
https://www.dreamgirlshouston.com/ebony-escorts.php~Black Escorts In Houston At DreamGirlsHouston | Texas~Make your stay in Houston memorable with a black Houston escort pampering you with love and pleasure the whole night - DreamGirlsHouston
https://www.dreamgirlshouston.com/escorts-profile.php?escort_id=277~Brunette hair escort girl Kim from Houston - DreamGirlsHouston | Texas~Call you perfect Brunette hear escort Kim - she is waiting for you at DreamGirlsHouston
https://www.dreamgirlshouston.com/booking.php~Escorts Booking Form - DreamGirlsHouston | Texas~Go right ahead and book any girl that you like from us today. With DreamGirlsHouston you'll not be dissapointed.
https://www.dreamgirlshouston.com/escorts-profile.php?escort_id=278~Brunette hair escort girl Melanie from Houston - DreamGirlsHouston | Texas~Call you perfect Brunette hear escort Melanie - she is waiting for you at DreamGirlsHouston
https://www.dreamgirlshouston.com/escorts-profile.php?escort_id=276~Black hair escort girl Elvira from Houston - DreamGirlsHouston | Texas~Call you perfect Black hear escort Elvira - she is waiting for you at DreamGirlsHouston
https://www.dreamgirlshouston.com/escorts-profile.php?escort_id=279~Brunette hair escort girl Presley from Houston - DreamGirlsHouston | Texas~Call you perfect Brunette hear escort Presley - she is waiting for you at DreamGirlsHouston
https://www.dreamgirlshouston.com/escorts-profile.php?escort_id=274~Blonde hair escort girl Cassie from Houston - DreamGirlsHouston | Texas~Call you perfect Blonde hear escort Cassie - she is waiting for you at DreamGirlsHouston
https://www.dreamgirlshouston.com/escorts-profile.php?escort_id=270~Blonde hair escort girl Beatrice from Houston - DreamGirlsHouston | Texas~Call you perfect Blonde hear escort Beatrice - she is waiting for you at DreamGirlsHouston
https://www.dreamgirlshouston.com/escorts-profile.php?escort_id=272~Black hair escort girl Bellamy from Houston - DreamGirlsHouston | Texas~Call you perfect Black hear escort Bellamy - she is waiting for you at DreamGirlsHouston
https://www.dreamgirlshouston.com/escorts-profile.php?escort_id=273~Black hair escort girl Blue from Houston - DreamGirlsHouston | Texas~Call you perfect Black hear escort Blue - she is waiting for you at DreamGirlsHouston
https://www.dreamgirlshouston.com/escorts-profile.php?escort_id=271~Blonde hair escort girl Bella from Houston - DreamGirlsHouston | Texas~Call you perfect Blonde hear escort Bella - she is waiting for you at DreamGirlsHouston
https://www.dreamgirlshouston.com/escorts-profile.php?escort_id=275~Blonde hair escort girl Daisy from Houston - DreamGirlsHouston | Texas~Call you perfect Blonde hear escort Daisy - she is waiting for you at DreamGirlsHouston
https://www.dreamgirlshouston.com/body-rubs.php~Body Rubs In Houston - DreamGirlsHouston | Texas~You can be assured of the best moments of your life here in Houston as you get the best body rubs with masseuses from DreamGirlsHouston.
https://www.dreamgirlshouston.com/escorts-profile.php?escort_id=280~Brunette hair escort girl Tina from Houston - DreamGirlsHouston | Texas~Call you perfect Brunette hear escort Tina - she is waiting for you at DreamGirlsHouston
https://www.dreamgirlshouston.com/vip-escorts.php~VIP Escorts In Houston At DreamGirlsHouston | Texas~You donâ€™t have to settle for regular escorts when you can have your Houston VIP escorts. Contact DreamGirlsHouston now!
https://www.dreamgirlshouston.com/erotic-massage.php~Erotic Massage In Houston - DreamGirlsHouston | Texas~Go ahead and book that masseuse that has impressed you the most for the erotic massage Houston. You will never regret working with DreamGirlsHouston.
https://www.dreamgirlshouston.com/about.php~Find Out Who We Are - DreamGirlsHouston | Texas~We hook you up with your ideal woman within the shortest time possible of booking and ensure she gets to your room in time - DreamGirlsHouston
https://www.dreamgirlshouston.com/employment.php~DreamGirlsHouston Is Hiring A Beautiful Girls | Texas~Are you seeking an agency to work for as an escort? DreamGirlsHouston is hiring!
https://www.dreamgirlshouston.com/blonde-escorts.php~Blonde Escorts In Houston At DreamGirlsHouston | Texas~Book a Houston blonde escort of your choice now and she will be in front of your room in minutes - DreamGirlsHouston
https://www.dreamgirlshouston.com/contact.php~Contact DreamGirlsHouston Agency Using Online Form | Texas~Contact DreamGirlsHouston Agency 24 hours a day and 7 days a weeks. We hope to hear from you soon!
https://www.dreamgirlshouston.com/escorts-profile.php?escort_id=247~Brunette hair escort girl Adelly from Houston - DreamGirlsHouston | Texas~Call you perfect Brunette hear escort Adelly - she is waiting for you at DreamGirlsHouston
https://www.dreamgirlshouston.com/escorts-profile.php?escort_id=248~Brunette hair escort girl Akira from Houston - DreamGirlsHouston | Texas~Call you perfect Brunette hear escort Akira - she is waiting for you at DreamGirlsHouston
https://www.dreamgirlshouston.com/escorts-profile.php?escort_id=244~Black hair escort girl Aalyah from Houston - DreamGirlsHouston | Texas~Call you perfect Black hear escort Aalyah - she is waiting for you at DreamGirlsHouston
https://www.dreamgirlshouston.com/escorts-profile.php?escort_id=249~Brunette hair escort girl Alecia from Houston - DreamGirlsHouston | Texas~Call you perfect Brunette hear escort Alecia - she is waiting for you at DreamGirlsHouston
https://www.dreamgirlshouston.com/escorts-profile.php?escort_id=246~Brunette hair escort girl Abbie from Houston - DreamGirlsHouston | Texas~Call you perfect Brunette hear escort Abbie - she is waiting for you at DreamGirlsHouston
https://www.dreamgirlshouston.com/escorts-profile.php?escort_id=245~Black hair escort girl Abata from Houston - DreamGirlsHouston | Texas~Call you perfect Black hear escort Abata - she is waiting for you at DreamGirlsHouston
https://www.dreamgirlshouston.com/russian-escorts.php~Russian Escorts In Houston At DreamGirlsHouston | Texas~Book with DreamGirlsHouston today and have your Russian escorts in Houston coming over to your room.
https://www.dreamgirlshouston.com/escorts-profile.php?escort_id=258~Blonde hair escort girl Arina from Houston - DreamGirlsHouston | Texas~Call you perfect Blonde hear escort Arina - she is waiting for you at DreamGirlsHouston
https://www.dreamgirlshouston.com/escorts-profile.php?escort_id=254~Brunette hair escort girl Anastasia from Houston - DreamGirlsHouston | Texas~Call you perfect Brunette hear escort Anastasia - she is waiting for you at DreamGirlsHouston
https://www.dreamgirlshouston.com/escorts-profile.php?escort_id=255~Black hair escort girl Angelina from Houston - DreamGirlsHouston | Texas~Call you perfect Black hear escort Angelina - she is waiting for you at DreamGirlsHouston
https://www.dreamgirlshouston.com/escorts-profile.php?escort_id=256~Brunette hair escort girl Anna from Houston - DreamGirlsHouston | Texas~Call you perfect Brunette hear escort Anna - she is waiting for you at DreamGirlsHouston
https://www.dreamgirlshouston.com/escorts-profile.php?escort_id=259~Brunette hair escort girl Alice from Houston - DreamGirlsHouston | Texas~Call you perfect Brunette hear escort Alice - she is waiting for you at DreamGirlsHouston
https://www.dreamgirlshouston.com/escorts-profile.php?escort_id=250~Brunette hair escort girl Alina from Houston - DreamGirlsHouston | Texas~Call you perfect Brunette hear escort Alina - she is waiting for you at DreamGirlsHouston
https://www.dreamgirlshouston.com/escorts-profile.php?escort_id=252~Blonde hair escort girl Ambra from Houston - DreamGirlsHouston | Texas~Call you perfect Blonde hear escort Ambra - she is waiting for you at DreamGirlsHouston
https://www.dreamgirlshouston.com/escorts-profile.php?escort_id=257~Brunette hair escort girl Antonia from Houston - DreamGirlsHouston | Texas~Call you perfect Brunette hear escort Antonia - she is waiting for you at DreamGirlsHouston
https://www.dreamgirlshouston.com/escorts-profile.php?escort_id=251~Brunette hair escort girl Amanda from Houston - DreamGirlsHouston | Texas~Call you perfect Brunette hear escort Amanda - she is waiting for you at DreamGirlsHouston
https://www.dreamgirlshouston.com/escorts-profile.php?escort_id=253~Blonde hair escort girl Amelia from Houston - DreamGirlsHouston | Texas~Call you perfect Blonde hear escort Amelia - she is waiting for you at DreamGirlsHouston
https://www.dreamgirlshouston.com/gfe.php~GFE (Girlfriend Experience) Houston - DreamGirlsHouston | Texas~We are here to ensure you have the best of the Houston GFE! Give us a call, and we promise not to disappoint - DreamGirlsHouston
https://www.dreamgirlshouston.com/escorts-profile.php?escort_id=265~Black hair escort girl Nicole from Houston - DreamGirlsHouston | Texas~Call you perfect Black hear escort Nicole - she is waiting for you at DreamGirlsHouston
https://www.dreamgirlshouston.com/escorts-profile.php?escort_id=269~Black hair escort girl Barbara from Houston - DreamGirlsHouston | Texas~Call you perfect Black hear escort Barbara - she is waiting for you at DreamGirlsHouston
https://www.dreamgirlshouston.com/escorts-profile.php?escort_id=268~Black hair escort girl Vanessa from Houston - DreamGirlsHouston | Texas~Call you perfect Black hear escort Vanessa - she is waiting for you at DreamGirlsHouston
https://www.dreamgirlshouston.com/escorts-profile.php?escort_id=261~Brunette hair escort girl Liana from Houston - DreamGirlsHouston | Texas~Call you perfect Brunette hear escort Liana - she is waiting for you at DreamGirlsHouston
https://www.dreamgirlshouston.com/escorts-profile.php?escort_id=266~Black hair escort girl Polish from Houston - DreamGirlsHouston | Texas~Call you perfect Black hear escort Polish - she is waiting for you at DreamGirlsHouston
https://www.dreamgirlshouston.com/escorts-profile.php?escort_id=263~Black hair escort girl Yokika from Houston - DreamGirlsHouston | Texas~Call you perfect Black hear escort Yokika - she is waiting for you at DreamGirlsHouston
https://www.dreamgirlshouston.com/escorts-profile.php?escort_id=267~Black hair escort girl Tamara from Houston - DreamGirlsHouston | Texas~Call you perfect Black hear escort Tamara - she is waiting for you at DreamGirlsHouston
https://www.dreamgirlshouston.com/asian-escorts.php~Houston Asian Escorts At DreamGirlsHouston | Texas~Houston Asian escorts know how to treat a man well, and you need to give DreamGirlsHouston girls a try today.
https://www.dreamgirlshouston.com/escorts-profile.php?escort_id=264~Black hair escort girl Gem from Houston - DreamGirlsHouston | Texas~Call you perfect Black hear escort Gem - she is waiting for you at DreamGirlsHouston
https://www.dreamgirlshouston.com/escorts-profile.php?escort_id=262~Brunette hair escort girl Natty from Houston - DreamGirlsHouston | Texas~Call you perfect Brunette hear escort Natty - she is waiting for you at DreamGirlsHouston
https://www.dreamgirlshouston.com/escorts-profile.php?escort_id=260~Black hair escort girl Hana from Houston - DreamGirlsHouston | Texas~Call you perfect Black hear escort Hana - she is waiting for you at DreamGirlsHouston
https://www.dreamgirlshouston.com/masseuse-profile.php?escort_id=306~Experienced Blonde Masseuse Agnessa From Houston - DreamGirlsHouston | Texas~Call you perfect Blonde hair masseuse Agnessa - she is waiting for you at DreamGirlsHouston
https://www.dreamgirlshouston.com/masseuse-profile.php?escort_id=311~Experienced Blonde Masseuse Mia From Houston - DreamGirlsHouston | Texas~Call you perfect Blonde hair masseuse Mia - she is waiting for you at DreamGirlsHouston
https://www.dreamgirlshouston.com/masseuse-profile.php?escort_id=310~Experienced Brunette Masseuse Ivone From Houston - DreamGirlsHouston | Texas~Call you perfect Brunette hair masseuse Ivone - she is waiting for you at DreamGirlsHouston
https://www.dreamgirlshouston.com/masseuse-profile.php?escort_id=309~Experienced Brunette Masseuse Darcy From Houston - DreamGirlsHouston | Texas~Call you perfect Brunette hair masseuse Darcy - she is waiting for you at DreamGirlsHouston
https://www.dreamgirlshouston.com/masseuse-profile.php?escort_id=308~Experienced Blonde Masseuse Carolina From Houston - DreamGirlsHouston | Texas~Call you perfect Blonde hair masseuse Carolina - she is waiting for you at DreamGirlsHouston
https://www.dreamgirlshouston.com/masseuse-profile.php?escort_id=307~Experienced Brunette Masseuse Brianna From Houston - DreamGirlsHouston | Texas~Call you perfect Brunette hair masseuse Brianna - she is waiting for you at DreamGirlsHouston
