dreamboston1,www.dreamgirlsboston.com
dreamorlando1,www.dreamgirlsorlando.com
vegasmassage1,www.vegasmassagegirls.com
dreamatlanta1,www.dreamgirlsatlanta.com
dreamsandiego1,www.dreamgirlssandiego.com
dreamhouston1,www.dreamgirlshouston.com
atlantamassage1,www.atlantamassagegirls.com
bostonmassage1,www.bostonmassagegirls.com
chicagomassage1,www.chicagomassagegirls.com

denvermsg1,www.denvermassagegirls.com

houstonmassage1,www.houstonmassagegirls.com

losangelesmassage1,www.losangelesmassagegirls.com

nycmsg1,www.newyorkmassagegirls.com

orlandomassage1,www.orlandomassagegirls.com

sandiegomassage1,www.sandiegomassagegirls.com

sfmassage1,www.sanfranciscomassagegirls.com