http://www.dreamgirlssanjose.com/~Female Escorts For Your Enjoyment At Dream Girls San Jose | California~If you feel alone in San Jose and thinking to spend time with a hot woman then there is nothing better than booking an escort at Dream Girls San Jose.
http://www.dreamgirlssanjose.com/about.php~About Us - San Jose Top Escort Agency, Dream Girls San Jose | California~Dream Girls San Jose is the only leading escort agency in San Jose has a huge collection of escorts gives scope for our clients to choose as they wish.
http://www.dreamgirlssanjose.com/asian-escorts.php~San Jose Asian Escorts: Meet Premier Girls At Dream Girls San Jose | California~At Dream Girls San Jose, we assure quality and guarantee that our satisfied client will hire from us again, don't delay to hire a VIP San Jose Asian escort.
http://www.dreamgirlssanjose.com/booking.php~Booking - Spicy San Jose Escorts At Dream Girls San Jose | California~Book one of our premier San Jose escorts available here at Dream Girls San Jose, a leading escort agency in San Jose.

http://www.dreamgirlssanjose.com/contact.php~Contact Us - Dream Girls San Jose | California~We are open 24/7 to serve our clients effectively as they can be satisfied. So, you can contact us anytime here at Dream Girls San Jose.
http://www.dreamgirlssanjose.com/ebony-escorts.php~Sensational Ebony Escorts For You At Dream Girls San Jose | California~If you haven't been with any ebony women before then hire an amazing ebony escort at Dream Girls San Jose, they have seriously big buts and back.
http://www.dreamgirlssanjose.com/latinas-escorts.php~Latina Escorts Straight For You At Dream Girls San Jose | California~Latina escorts are naturally busty,  they have wonderful attitudes toward their clients. Hire one of our premier latina escorts today at Dream Girls San Jose.
http://www.dreamgirlssanjose.com/employment.php~Join Us At Dream Girls San Jose | California~Dream Girls San Jose is the only leading escort agency in San Jose should be the best choice for you to start your career as a premier escort.
http://www.dreamgirlssanjose.com/erotic-massage.php~Best San Jose Erotic Massage For You At Dream Girls San Jose | California~Stop searching for hot and erotic massage, just come to us at Dream Girls San Jose, we will provide you everything you need for real your satisfaction.
http://www.dreamgirlssanjose.com/cheap-escorts.php~Sexy Cheap Escorts Available 24/7 At Dream Girls San Jose | California~Hire cheap escorts from us they are as beautiful as elite ones and really erotic in nature, we shall ensure that you are satisfied totally - Dream Girls San Jose.
http://www.dreamgirlssanjose.com/body-rubs.php~Enjoy Body Rubs With Masseuses From Dream Girls San Jose | California~To get high-quality body rubs with a low budget then visit our services at Dream Girls San Jose. We guarantee fulfillment of your utmost desires.
http://www.dreamgirlssanjose.com/bell.php~Bell - Hot San Jose Escort Girl At DreamGirlsSanJose | California~Book me now, this is Black hair hot San Jose escort girl Bell - I will fulfill your utmost desires at DreamGirlsSanJose
http://www.dreamgirlssanjose.com/abella.php~Abella - Hot San Jose Escort Girl At DreamGirlsSanJose | California~Book me now, this is Blonde hair hot San Jose escort girl Abella - I will fulfill your utmost desires at DreamGirlsSanJose
http://www.dreamgirlssanjose.com/olivia.php~Olivia - Hot San Jose Escort Girl At DreamGirlsSanJose | California~Book me now, this is Brunette hair hot San Jose escort girl Olivia - I will fulfill your utmost desires at DreamGirlsSanJose
http://www.dreamgirlssanjose.com/viva.php~Viva - Hot San Jose Escort Girl At DreamGirlsSanJose | California~Book me now, this is Black hair hot San Jose escort girl Viva - I will fulfill your utmost desires at DreamGirlsSanJose
http://www.dreamgirlssanjose.com/babita.php~Babita - Hot San Jose Escort Girl At DreamGirlsSanJose | California~Book me now, this is Blonde hair hot San Jose escort girl Babita - I will fulfill your utmost desires at DreamGirlsSanJose
http://www.dreamgirlssanjose.com/joy.php~Joy - Hot San Jose Escort Girl At DreamGirlsSanJose | California~Book me now, this is Brunette hair hot San Jose escort girl Joy - I will fulfill your utmost desires at DreamGirlsSanJose
http://www.dreamgirlssanjose.com/marika.php~Marika - Hot San Jose Escort Girl At DreamGirlsSanJose | California~Book me now, this is Black hair hot San Jose escort girl Marika - I will fulfill your utmost desires at DreamGirlsSanJose
http://www.dreamgirlssanjose.com/shella.php~Shella - Hot San Jose Escort Girl At DreamGirlsSanJose | California~Book me now, this is Brunette hair hot San Jose escort girl Shella - I will fulfill your utmost desires at DreamGirlsSanJose
http://www.dreamgirlssanjose.com/marcela.php~Marcela - Hot San Jose Escort Girl At DreamGirlsSanJose | California~Book me now, this is Brunette hair hot San Jose escort girl Marcela - I will fulfill your utmost desires at DreamGirlsSanJose
http://www.dreamgirlssanjose.com/barbara.php~Barbara - Hot San Jose Escort Girl At DreamGirlsSanJose | California~Book me now, this is Brunette hair hot San Jose escort girl Barbara - I will fulfill your utmost desires at DreamGirlsSanJose
http://www.dreamgirlssanjose.com/lilly.php~Lilly - Hot San Jose Escort Girl At DreamGirlsSanJose | California~Book me now, this is Brunette hair hot San Jose escort girl Lilly - I will fulfill your utmost desires at DreamGirlsSanJose
http://www.dreamgirlssanjose.com/delfina.php~Delfina - Hot San Jose Escort Girl At DreamGirlsSanJose | California~Book me now, this is Blonde hair hot San Jose escort girl Delfina - I will fulfill your utmost desires at DreamGirlsSanJose
http://www.dreamgirlssanjose.com/tina.php~Tina - Hot San Jose Escort Girl At DreamGirlsSanJose | California~Book me now, this is Brunette hair hot San Jose escort girl Tina - I will fulfill your utmost desires at DreamGirlsSanJose
http://www.dreamgirlssanjose.com/bruna.php~Bruna - Hot San Jose Escort Girl At DreamGirlsSanJose | California~Book me now, this is Black hair hot San Jose escort girl Bruna - I will fulfill your utmost desires at DreamGirlsSanJose
http://www.dreamgirlssanjose.com/alexa.php~Alexa - Hot San Jose Escort Girl At DreamGirlsSanJose | California~Book me now, this is Blonde hair hot San Jose escort girl Alexa - I will fulfill your utmost desires at DreamGirlsSanJose
http://www.dreamgirlssanjose.com/jessica.php~Jessica - Hot San Jose Massage Escort Girl At DreamGirlsSanJose | California~Book me now, this is Brunette hair San Jose massage escort girl Jessica - I will fulfill your utmost desires at DreamGirlsSanJose
http://www.dreamgirlssanjose.com/marga.php~Marga - Hot San Jose Massage Escort Girl At DreamGirlsSanJose | California~Book me now, this is Brunette hair San Jose massage escort girl Marga - I will fulfill your utmost desires at DreamGirlsSanJose
http://www.dreamgirlssanjose.com/hillary.php~Hillary - Hot San Jose Massage Escort Girl At DreamGirlsSanJose | California~Book me now, this is Blonde hair San Jose massage escort girl Hillary - I will fulfill your utmost desires at DreamGirlsSanJose
http://www.dreamgirlssanjose.com/duci.php~Duci - Hot San Jose Massage Escort Girl At DreamGirlsSanJose | California~Book me now, this is Brunette hair San Jose massage escort girl Duci - I will fulfill your utmost desires at DreamGirlsSanJose
http://www.dreamgirlssanjose.com/lauren.php~Lauren - Hot San Jose Massage Escort Girl At DreamGirlsSanJose | California~Book me now, this is Brunette hair San Jose massage escort girl Lauren - I will fulfill your utmost desires at DreamGirlsSanJose
http://www.dreamgirlssanjose.com/liza.php~Liza - Hot San Jose Massage Escort Girl At DreamGirlsSanJose | California~Book me now, this is Blonde hair San Jose massage escort girl Liza - I will fulfill your utmost desires at DreamGirlsSanJose
