https://www.dreamgirlssanfrancisco.com/~San Francisco Escorts | Stunning Escort Girls At DreamGirlsSanFrancisco | California~The San Francisco escorts are your ideal women to satisfy every single craving of spending time with a gorgeous woman - DreamGirlsSanFrancisco
https://www.dreamgirlssanfrancisco.com/happy-ending.php~San Francisco Happy Ending Massage At DreamGirlsSanFrancisco | California~There are lots of different massage forms developed to satisfy the desires of men, but none of them can be better than happy ending massage - DreamGirlsSanFrancisco.
https://www.dreamgirlssanfrancisco.com/russian-escorts.php~Russian Escorts San Francisco At DreamGirlsSanFrancisco | California~These Russian escorts San Francisco are very flexible, and you can be assured of getting all manner of experiences with them - DreamGirlsSanFrancisco
https://www.dreamgirlssanfrancisco.com/body-rubs.php~San Francisco Body Rubs At DreamGirlsSanFrancisco | California~We are dealing with amazing body rub service providers who have years of experience and professional training. If you never hired masseuses for body rub services, then you are missing out the main fun in your life - DreamGirlsSanFrancisco.
https://www.dreamgirlssanfrancisco.com/tantra.php~San Francisco Tantra Massage At DreamGirlsSanFrancisco | California~If you are feeling the need of erotic pleasures, then we can recommend tantra massage for you. This is the only kind of massage that pleases your entire body and ensures that you are feeling relaxed - DreamGirlsSanFrancisco.
https://www.dreamgirlssanfrancisco.com/escorts-profile.php?escort_id=213~San Francisco escort Lera. Call her now - DreamGirlsSanFrancisco | California~San Francisco girl Lera. A Brunette-hair Russian escort girl with C-Cup bust is waiting for your call right now - DreamGirlsSanFrancisco
https://www.dreamgirlssanfrancisco.com/escorts-profile.php?escort_id=212~San Francisco escort Lana. Call her now - DreamGirlsSanFrancisco | California~San Francisco girl Lana. A Brunette-hair American escort girl with C-Cup bust is waiting for your call right now - DreamGirlsSanFrancisco
https://www.dreamgirlssanfrancisco.com/escorts-profile.php?escort_id=214~San Francisco escort Liza. Call her now - DreamGirlsSanFrancisco | California~San Francisco girl Liza. A Brunette-hair American escort girl with C-Cup bust is waiting for your call right now - DreamGirlsSanFrancisco
https://www.dreamgirlssanfrancisco.com/escorts-profile.php?escort_id=217~San Francisco escort Masha. Call her now - DreamGirlsSanFrancisco | California~San Francisco girl Masha. A Brunette-hair Russian escort girl with C-Cup bust is waiting for your call right now - DreamGirlsSanFrancisco
https://www.dreamgirlssanfrancisco.com/escorts-profile.php?escort_id=215~San Francisco escort Margo. Call her now - DreamGirlsSanFrancisco | California~San Francisco girl Margo. A Brunette-hair American escort girl with C-Cup bust is waiting for your call right now - DreamGirlsSanFrancisco
https://www.dreamgirlssanfrancisco.com/escorts-profile.php?escort_id=216~San Francisco escort Marta. Call her now - DreamGirlsSanFrancisco | California~San Francisco girl Marta. A Blonde-hair Russian escort girl with C-Cup bust is waiting for your call right now - DreamGirlsSanFrancisco
https://www.dreamgirlssanfrancisco.com/escorts-profile.php?escort_id=219~San Francisco escort Milana. Call her now - DreamGirlsSanFrancisco | California~San Francisco girl Milana. A Brunette-hair Russian escort girl with C-Cup bust is waiting for your call right now - DreamGirlsSanFrancisco
https://www.dreamgirlssanfrancisco.com/escorts-profile.php?escort_id=218~San Francisco escort Mashunya. Call her now - DreamGirlsSanFrancisco | California~San Francisco girl Mashunya. A Blonde-hair American escort girl with B-Cup bust is waiting for your call right now - DreamGirlsSanFrancisco
https://www.dreamgirlssanfrancisco.com/couples.php~San Francisco Couples Massage At DreamGirlsSanFrancisco | California~Couples massage is quite a complex thing, and if you donâ€™t hire experts then things can get out of control. Hence, we always suggest that you hire only professionals from us who have done this before - DreamGirlsSanFrancisco.
https://www.dreamgirlssanfrancisco.com/escorts-profile.php?escort_id=211~San Francisco escort Ksyusha. Call her now - DreamGirlsSanFrancisco | California~San Francisco girl Ksyusha. A Brunette-hair Russian escort girl with C-Cup bust is waiting for your call right now - DreamGirlsSanFrancisco
https://www.dreamgirlssanfrancisco.com/escorts-profile.php?escort_id=204~San Francisco escort Anita. Call her now - DreamGirlsSanFrancisco | California~San Francisco girl Anita. A Brunette-hair American escort girl with B-Cup bust is waiting for your call right now - DreamGirlsSanFrancisco
https://www.dreamgirlssanfrancisco.com/escorts-profile.php?escort_id=210~San Francisco escort Inessa. Call her now - DreamGirlsSanFrancisco | California~San Francisco girl Inessa. A Blonde-hair American escort girl with B-Cup bust is waiting for your call right now - DreamGirlsSanFrancisco
https://www.dreamgirlssanfrancisco.com/escorts-profile.php?escort_id=203~San Francisco escort Angela. Call her now - DreamGirlsSanFrancisco | California~San Francisco girl Angela. A Brunette-hair American escort girl with B-Cup bust is waiting for your call right now - DreamGirlsSanFrancisco
https://www.dreamgirlssanfrancisco.com/escorts-profile.php?escort_id=206~San Francisco escort Daniela. Call her now - DreamGirlsSanFrancisco | California~San Francisco girl Daniela. A Blonde-hair Russian escort girl with B-Cup bust is waiting for your call right now - DreamGirlsSanFrancisco
https://www.dreamgirlssanfrancisco.com/asian-escorts.php~Asian Escorts San Francisco At DreamGirlsSanFrancisco | California~If you have never enjoyed the company of Asian escorts San Francisco, then this is your time to get the very best moments from them - DreamGirlsSanFrancisco
https://www.dreamgirlssanfrancisco.com/escorts-profile.php?escort_id=208~San Francisco escort Diana. Call her now - DreamGirlsSanFrancisco | California~San Francisco girl Diana. A Brunette-hair Russian escort girl with C-Cup bust is waiting for your call right now - DreamGirlsSanFrancisco
https://www.dreamgirlssanfrancisco.com/outcall.php~San Francisco Outcall Massage At DreamGirlsSanFrancisco | California~Experience the best in class outcall massage. We guarantee that our girls are going to make sure that you get excellent services - DreamGirlsSanFrancisco.
https://www.dreamgirlssanfrancisco.com/escorts-profile.php?escort_id=207~San Francisco escort Dasha. Call her now - DreamGirlsSanFrancisco | California~San Francisco girl Dasha. A Brunette-hair American escort girl with B-Cup bust is waiting for your call right now - DreamGirlsSanFrancisco
https://www.dreamgirlssanfrancisco.com/escorts-profile.php?escort_id=205~San Francisco escort Anna. Call her now - DreamGirlsSanFrancisco | California~San Francisco girl Anna. A Brunette-hair Russian escort girl with C-Cup bust is waiting for your call right now - DreamGirlsSanFrancisco
https://www.dreamgirlssanfrancisco.com/booking.php~Book Escort At DreamGirlsSanFrancisco | California~Book the most stunning girls at DreamGirlsSanFrancisco. We have the finest escorts in industry - call now!
https://www.dreamgirlssanfrancisco.com/gfe.php~GFE San Francisco (Girlsfriend Experience) At DreamGirlsSanFrancisco | California~The San Francisco GFE is a must enjoy every time you visit San Francisco, and DreamGirlsSanFrancisco is your ideal agency that connects you with honest, young and beautiful women - DreamGirlsSanFrancisco
https://www.dreamgirlssanfrancisco.com/escorts-profile.php?escort_id=209~San Francisco escort Dina. Call her now - DreamGirlsSanFrancisco | California~San Francisco girl Dina. A Blonde-hair American escort girl with C-Cup bust is waiting for your call right now - DreamGirlsSanFrancisco
https://www.dreamgirlssanfrancisco.com/employment.php~We Are Hiring - DreamGirlsSanFrancisco. Join Us Now. | California~Join DreamGirlsSanFrancisco now! Fill the form and become an escort in San Francisco.
https://www.dreamgirlssanfrancisco.com/escorts-profile.php?escort_id=234~San Francisco escort Tamara. Call her now - DreamGirlsSanFrancisco | California~San Francisco girl Tamara. A Black-hair Ebony escort girl with B-Cup bust is waiting for your call right now - DreamGirlsSanFrancisco
https://www.dreamgirlssanfrancisco.com/vip-escorts.php~San Francisco VIP Escorts At DreamGirlsSanFrancisco | California~Our VIP escorts are the best escort ladies, and we call them queens. They will treat you well and make you their king for the short period - DreamGirlsSanFrancisco
https://www.dreamgirlssanfrancisco.com/escorts-profile.php?escort_id=235~San Francisco escort Yana. Call her now - DreamGirlsSanFrancisco | California~San Francisco girl Yana. A Brunette-hair Russian escort girl with B-Cup bust is waiting for your call right now - DreamGirlsSanFrancisco
https://www.dreamgirlssanfrancisco.com/about.php~Read About DreamGirlsSanFrancisco Provider | California~Find out why DreamGirlsSanFrancisco is the best escort provider in the city. Look through gallery and book girls now!
https://www.dreamgirlssanfrancisco.com/escorts-profile.php?escort_id=231~San Francisco escort Chloe. Call her now - DreamGirlsSanFrancisco | California~San Francisco girl Chloe. A Black-hair Ebony escort girl with C-Cup bust is waiting for your call right now - DreamGirlsSanFrancisco
https://www.dreamgirlssanfrancisco.com/escorts-profile.php?escort_id=233~San Francisco escort Sich. Call her now - DreamGirlsSanFrancisco | California~San Francisco girl Sich. A Black-hair Ebony escort girl with B-Cup bust is waiting for your call right now - DreamGirlsSanFrancisco
https://www.dreamgirlssanfrancisco.com/escorts-profile.php?escort_id=230~San Francisco escort Camille. Call her now - DreamGirlsSanFrancisco | California~San Francisco girl Camille. A Black-hair Ebony escort girl with B-Cup bust is waiting for your call right now - DreamGirlsSanFrancisco
https://www.dreamgirlssanfrancisco.com/escorts-profile.php?escort_id=224~San Francisco escort Alice. Call her now - DreamGirlsSanFrancisco | California~San Francisco girl Alice. A Brunette-hair Asian escort girl with B-Cup bust is waiting for your call right now - DreamGirlsSanFrancisco
https://www.dreamgirlssanfrancisco.com/escorts-profile.php?escort_id=223~San Francisco escort Sasha. Call her now - DreamGirlsSanFrancisco | California~San Francisco girl Sasha. A Brunette-hair Russian escort girl with C-Cup bust is waiting for your call right now - DreamGirlsSanFrancisco
https://www.dreamgirlssanfrancisco.com/escorts-profile.php?escort_id=232~San Francisco escort Natasa. Call her now - DreamGirlsSanFrancisco | California~San Francisco girl Natasa. A Black-hair Ebony escort girl with D-Cup bust is waiting for your call right now - DreamGirlsSanFrancisco
https://www.dreamgirlssanfrancisco.com/escorts-profile.php?escort_id=225~San Francisco escort Cici. Call her now - DreamGirlsSanFrancisco | California~San Francisco girl Cici. A Brunette-hair Asian escort girl with B-Cup bust is waiting for your call right now - DreamGirlsSanFrancisco
https://www.dreamgirlssanfrancisco.com/escorts-profile.php?escort_id=227~San Francisco escort Kana. Call her now - DreamGirlsSanFrancisco | California~San Francisco girl Kana. A Brunette-hair Asian escort girl with B-Cup bust is waiting for your call right now - DreamGirlsSanFrancisco
https://www.dreamgirlssanfrancisco.com/escorts-profile.php?escort_id=229~San Francisco escort Wanita. Call her now - DreamGirlsSanFrancisco | California~San Francisco girl Wanita. A Brunette-hair Asian escort girl with B-Cup bust is waiting for your call right now - DreamGirlsSanFrancisco
https://www.dreamgirlssanfrancisco.com/escorts-profile.php?escort_id=226~San Francisco escort July. Call her now - DreamGirlsSanFrancisco | California~San Francisco girl July. A Brunette-hair Asian escort girl with B-Cup bust is waiting for your call right now - DreamGirlsSanFrancisco
https://www.dreamgirlssanfrancisco.com/escorts-profile.php?escort_id=228~San Francisco escort Liana. Call her now - DreamGirlsSanFrancisco | California~San Francisco girl Liana. A Brunette-hair Asian escort girl with C-Cup bust is waiting for your call right now - DreamGirlsSanFrancisco
https://www.dreamgirlssanfrancisco.com/nuru.php~San Francisco NURU Massage At DreamGirlsSanFrancisco | California~Our girls are definitely amazing in terms of providing NURU massage services. We guarantee that no other agency deals with such amazingly trained masseuses who are hot and sexy too - DreamGirlsSanFrancisco.
https://www.dreamgirlssanfrancisco.com/escorts-profile.php?escort_id=220~San Francisco escort Milissa. Call her now - DreamGirlsSanFrancisco | California~San Francisco girl Milissa. A Blonde-hair Russian escort girl with D-Cup bust is waiting for your call right now - DreamGirlsSanFrancisco
https://www.dreamgirlssanfrancisco.com/escorts-profile.php?escort_id=222~San Francisco escort Nastya. Call her now - DreamGirlsSanFrancisco | California~San Francisco girl Nastya. A Brunette-hair American escort girl with B-Cup bust is waiting for your call right now - DreamGirlsSanFrancisco
https://www.dreamgirlssanfrancisco.com/full-body.php~San Francisco Full Body Massage At DreamGirlsSanFrancisco | California~Full body massage is the only form of erotic massage that concentrates on pleasing your entire body. We have been providing massages to our clients since a long time - DreamGirlsSanFrancisco.
https://www.dreamgirlssanfrancisco.com/erotic.php~San Francisco Erotic Massage At DreamGirlsSanFrancisco | California~Our masseuses are super hot and sexy, and their talent makes them even more desirable. If you want to spend a nice erotic evening with a sexy lady, then hire from us - DreamGirlsSanFrancisco.
https://www.dreamgirlssanfrancisco.com/escorts-profile.php?escort_id=221~San Francisco escort Nastenka. Call her now - DreamGirlsSanFrancisco | California~San Francisco girl Nastenka. A Blonde-hair Russian escort girl with C-Cup bust is waiting for your call right now - DreamGirlsSanFrancisco
https://www.dreamgirlssanfrancisco.com/ebony-escorts.php~San Francisco Ebony (Black) Escorts At DreamGirlsSanFrancisco | California~Your encounter with our San Francisco ebony escorts will be genuine and authentic, and a must try whenever in the city - DreamGirlsSanFrancisco
https://www.dreamgirlssanfrancisco.com/escort.php~San Francisco Escort Massage At DreamGirlsSanFrancisco | California~If you never tried San Francisco escort massage, then make sure that you try it now. We bet that you will end up falling in love with it - DreamGirlsSanFrancisco.
https://www.dreamgirlssanfrancisco.com/blonde-escorts.php~San Francisco Blonde Escorts At DreamGirlsSanFrancisco | California~We have the best blonde escort for your needs. These women are skilled and talented in the art of pampering men with all kinds of pleasures - DreamGirlsSanFrancisco
https://www.dreamgirlssanfrancisco.com/contact.php~Contact DreamGirlsSanFrancisco For The Finest Girls | California~Contact DreamGirlsSanFrancisco for the finest girls in escort industry. Stop wasting time and call us now!
