https://www.dreamgirlschicago.com/~Chicago Escorts | Attractive Escort Girls At DreamGirlsChicago | Illinois~Call us for best Chicago escorts direct to your hotel room. The fastest service in city on DreamGirlsChicago
https://www.dreamgirlschicago.com/escorts-profile.php?escort_id=165~Chicago escort Yokika waiting for your call - DreamGirlsChicago | Illinois~Chicago escort Yokika's profile. She is Brunette-hair Asian girl with B-Cup bust and she is waiting for your call right now - DreamGirlsChicago
https://www.dreamgirlschicago.com/escorts-profile.php?escort_id=164~Chicago escort Wanita waiting for your call - DreamGirlsChicago | Illinois~Chicago escort Wanita's profile. She is Black-hair Asian girl with B-Cup bust and she is waiting for your call right now - DreamGirlsChicago
https://www.dreamgirlschicago.com/escorts-profile.php?escort_id=163~Chicago escort Mint waiting for your call - DreamGirlsChicago | Illinois~Chicago escort Mint's profile. She is Brunette-hair Asian girl with B-Cup bust and she is waiting for your call right now - DreamGirlsChicago
https://www.dreamgirlschicago.com/escorts-profile.php?escort_id=162~Chicago escort Zara waiting for your call - DreamGirlsChicago | Illinois~Chicago escort Zara's profile. She is Blonde-hair American girl with B-Cup bust and she is waiting for your call right now - DreamGirlsChicago
https://www.dreamgirlschicago.com/blonde-escorts.php~Chicago Blonde Escorts At DreamGirlsChicago | Illinois~This is because Chicago is not just a home to the best places, but also to beautiful Chicago blonde escorts - DreamGirlsChicago
https://www.dreamgirlschicago.com/vip-escorts.php~Chicago VIP Escorts For You At DreamGirlsChicago | Illinois~Brows through our Chicago VIP escorts and get someone unique to you from our huge gallery - DreamGirlsChicago
https://www.dreamgirlschicago.com/ohare-escorts.php~O’Hare Escorts Direct To Your Room - DreamGirlsChicago, Illinois | Illinois~Our O’Hare escorts can be each man's fantasy and they are in one call away from you – DreamGirlsChicago
https://www.dreamgirlschicago.com/escorts-profile.php?escort_id=142~Chicago escort Erin waiting for your call - DreamGirlsChicago | Illinois~Chicago escort Erin's profile. She is Black-hair American girl with B-Cup bust and she is waiting for your call right now - DreamGirlsChicago
https://www.dreamgirlschicago.com/escorts-profile.php?escort_id=149~Chicago escort Julia waiting for your call - DreamGirlsChicago | Illinois~Chicago escort Julia's profile. She is Brunette-hair American girl with C-Cup bust and she is waiting for your call right now - DreamGirlsChicago
https://www.dreamgirlschicago.com/escorts-profile.php?escort_id=141~Chicago escort Emmanuelle waiting for your call - DreamGirlsChicago | Illinois~Chicago escort Emmanuelle's profile. She is Brunette-hair American girl with C-Cup bust and she is waiting for your call right now - DreamGirlsChicago
https://www.dreamgirlschicago.com/escorts-profile.php?escort_id=148~Chicago escort Irene waiting for your call - DreamGirlsChicago | Illinois~Chicago escort Irene's profile. She is Brunette-hair Russian girl with C-Cup bust and she is waiting for your call right now - DreamGirlsChicago
https://www.dreamgirlschicago.com/escorts-profile.php?escort_id=147~Chicago escort Helen waiting for your call - DreamGirlsChicago | Illinois~Chicago escort Helen's profile. She is Blonde-hair Russian girl with C-Cup bust and she is waiting for your call right now - DreamGirlsChicago
https://www.dreamgirlschicago.com/escorts-profile.php?escort_id=145~Chicago escort Grace waiting for your call - DreamGirlsChicago | Illinois~Chicago escort Grace's profile. She is Brunette-hair American girl with B-Cup bust and she is waiting for your call right now - DreamGirlsChicago
https://www.dreamgirlschicago.com/escorts-profile.php?escort_id=143~Chicago escort Eva waiting for your call - DreamGirlsChicago | Illinois~Chicago escort Eva's profile. She is Blonde-hair American girl with C-Cup bust and she is waiting for your call right now - DreamGirlsChicago
https://www.dreamgirlschicago.com/escorts-profile.php?escort_id=144~Chicago escort Giselle waiting for your call - DreamGirlsChicago | Illinois~Chicago escort Giselle's profile. She is Blonde-hair Russian girl with C-Cup bust and she is waiting for your call right now - DreamGirlsChicago
https://www.dreamgirlschicago.com/escorts-profile.php?escort_id=150~Chicago escort Layla waiting for your call - DreamGirlsChicago | Illinois~Chicago escort Layla's profile. She is Blonde-hair American girl with C-Cup bust and she is waiting for your call right now - DreamGirlsChicago
https://www.dreamgirlschicago.com/escorts-profile.php?escort_id=146~Chicago escort Hanna waiting for your call - DreamGirlsChicago | Illinois~Chicago escort Hanna's profile. She is Blonde-hair Russian girl with B-Cup bust and she is waiting for your call right now - DreamGirlsChicago
https://www.dreamgirlschicago.com/escorts-profile.php?escort_id=140~Chicago escort Emily waiting for your call - DreamGirlsChicago | Illinois~Chicago escort Emily's profile. She is Black-hair American girl with B-Cup bust and she is waiting for your call right now - DreamGirlsChicago
https://www.dreamgirlschicago.com/escorts-profile.php?escort_id=159~Chicago escort Polina waiting for your call - DreamGirlsChicago | Illinois~Chicago escort Polina's profile. She is Brunette-hair American girl with C-Cup bust and she is waiting for your call right now - DreamGirlsChicago
https://www.dreamgirlschicago.com/body-rubs.php~Chicago Body Rubs At DreamGirlsChicago | Illinois~The Chicago body rubs will give you some of the best pleasures in a long time satisfying all your needs - DreamGirlsChicago
https://www.dreamgirlschicago.com/escorts-profile.php?escort_id=154~Chicago escort Monica waiting for your call - DreamGirlsChicago | Illinois~Chicago escort Monica's profile. She is Black-hair American girl with C-Cup bust and she is waiting for your call right now - DreamGirlsChicago
https://www.dreamgirlschicago.com/escorts-profile.php?escort_id=152~Chicago escort Mila waiting for your call - DreamGirlsChicago | Illinois~Chicago escort Mila's profile. She is Brunette-hair American girl with C-Cup bust and she is waiting for your call right now - DreamGirlsChicago
https://www.dreamgirlschicago.com/escorts-profile.php?escort_id=158~Chicago escort Penelopa waiting for your call - DreamGirlsChicago | Illinois~Chicago escort Penelopa's profile. She is Black-hair American girl with C-Cup bust and she is waiting for your call right now - DreamGirlsChicago
https://www.dreamgirlschicago.com/escorts-profile.php?escort_id=153~Chicago escort Miranda waiting for your call - DreamGirlsChicago | Illinois~Chicago escort Miranda's profile. She is Blonde-hair American girl with B-Cup bust and she is waiting for your call right now - DreamGirlsChicago
https://www.dreamgirlschicago.com/escorts-profile.php?escort_id=156~Chicago escort Nelia waiting for your call - DreamGirlsChicago | Illinois~Chicago escort Nelia's profile. She is Blonde-hair American girl with B-Cup bust and she is waiting for your call right now - DreamGirlsChicago
https://www.dreamgirlschicago.com/booking.php~Book Escort In Chicago At DreamGirlsChicago | Illinois~Book escorts in Chicago using our online booking form - DreamGirlsChicago
https://www.dreamgirlschicago.com/escorts-profile.php?escort_id=151~Chicago escort Marisa waiting for your call - DreamGirlsChicago | Illinois~Chicago escort Marisa's profile. She is Blonde-hair American girl with C-Cup bust and she is waiting for your call right now - DreamGirlsChicago
https://www.dreamgirlschicago.com/escorts-profile.php?escort_id=155~Chicago escort Natasha waiting for your call - DreamGirlsChicago | Illinois~Chicago escort Natasha's profile. She is Blonde-hair American girl with B-Cup bust and she is waiting for your call right now - DreamGirlsChicago
https://www.dreamgirlschicago.com/escorts-profile.php?escort_id=157~Chicago escort Olivia waiting for your call - DreamGirlsChicago | Illinois~Chicago escort Olivia's profile. She is Blonde-hair American girl with B-Cup bust and she is waiting for your call right now - DreamGirlsChicago
https://www.dreamgirlschicago.com/escorts-profile.php?escort_id=161~Chicago escort Vika waiting for your call - DreamGirlsChicago | Illinois~Chicago escort Vika's profile. She is Blonde-hair Russian girl with B-Cup bust and she is waiting for your call right now - DreamGirlsChicago
https://www.dreamgirlschicago.com/escorts-profile.php?escort_id=160~Chicago escort Samantha waiting for your call - DreamGirlsChicago | Illinois~Chicago escort Samantha's profile. She is Blonde-hair American girl with C-Cup bust and she is waiting for your call right now - DreamGirlsChicago
https://www.dreamgirlschicago.com/russian-escorts.php~Russian Escorts In Chicago At DreamGirlsChicago | Illinois~There is really nothing all the more exciting with regards to going to Chicago and having Chicago Russian escorts – DreamGirlsChicago
https://www.dreamgirlschicago.com/contact.php~Contact DreamGirlsChicago for the gorgeous escorts | Illinois~Contact DreamGirlsChicago to get gorgeous escorts which fits your needs. Call us now!
https://www.dreamgirlschicago.com/employment.php~DreamGirlsChicago Join Us Form | Illinois~Become an escort with DreamGirlsChicago
https://www.dreamgirlschicago.com/escorts-profile.php?escort_id=139~Chicago escort Diana waiting for your call - DreamGirlsChicago | Illinois~Chicago escort Diana's profile. She is Blonde-hair American girl with C-Cup bust and she is waiting for your call right now - DreamGirlsChicago
https://www.dreamgirlschicago.com/escorts-profile.php?escort_id=138~Chicago escort Destiny waiting for your call - DreamGirlsChicago | Illinois~Chicago escort Destiny's profile. She is Blonde-hair American girl with B-Cup bust and she is waiting for your call right now - DreamGirlsChicago
https://www.dreamgirlschicago.com/naperville-escorts.php~Naperville Escorts For You At DreamGirlsChicago, Illinois | Illinois~Naperville escorts on DreamGirlsChicago are currently considered as the best female escorts. Call us now to get the best girls!
https://www.dreamgirlschicago.com/escorts-profile.php?escort_id=137~Chicago escort Dasha waiting for your call - DreamGirlsChicago | Illinois~Chicago escort Dasha's profile. She is Blonde-hair Russian girl with C-Cup bust and she is waiting for your call right now - DreamGirlsChicago
https://www.dreamgirlschicago.com/escorts-profile.php?escort_id=136~Chicago escort Cheryl waiting for your call - DreamGirlsChicago | Illinois~Chicago escort Cheryl's profile. She is Blonde-hair Russian girl with C-Cup bust and she is waiting for your call right now - DreamGirlsChicago
https://www.dreamgirlschicago.com/escorts-profile.php?escort_id=135~Chicago escort Bella waiting for your call - DreamGirlsChicago | Illinois~Chicago escort Bella's profile. She is Black-hair Russian girl with B-Cup bust and she is waiting for your call right now - DreamGirlsChicago
https://www.dreamgirlschicago.com/escorts-profile.php?escort_id=134~Chicago escort Angelica waiting for your call - DreamGirlsChicago | Illinois~Chicago escort Angelica's profile. She is Blonde-hair American girl with B-Cup bust and she is waiting for your call right now - DreamGirlsChicago
https://www.dreamgirlschicago.com/escorts-profile.php?escort_id=133~Chicago escort Aliana waiting for your call - DreamGirlsChicago | Illinois~Chicago escort Aliana's profile. She is Black-hair American girl with C-Cup bust and she is waiting for your call right now - DreamGirlsChicago
https://www.dreamgirlschicago.com/skokie-escorts.php~Skokie Escorts Direct To You At DreamGirlsChicago, Illinois | Illinois~These Skokie escorts are extremely wonderful and they speak with enchanting, tasteful, witty and exceptionally solid identity – DreamGirlsChicago
https://www.dreamgirlschicago.com/erotic-massage.php~Erotic Masage. Sensual Masseuses Of Chicago At DreamGirlsChicago | Illinois~Make the right choice and book your erotic massage masseuse from DreamGirlsChicago for a moment of a lifetime.
https://www.dreamgirlschicago.com/lombard-escorts.php~Lombard Escorts At DreamGirlsChicago Agency, Illinois | Illinois~Hire Lombard escorts for a sentimental weekend getaway. Call DreamGirlsChicago agency now and do not look for other
https://www.dreamgirlschicago.com/schaumburg-escorts.php~Schaumburg Escorts Of Your Choise At DreamGirlsChicago, Illinois | Illinois~If you call Schaumburg escorts, then you will be astounded at how refined, rich and expert escort the young ladies at DreamGirlsChicago are!
https://www.dreamgirlschicago.com/gfe.php~Chicago GFE (Girlfriend Experience) At DreamGirlsChicago | Illinois~You don’t have to go through the pains because Chicago girlfriend experience can provide you the perfect girlfriend experience you have been looking for - DreamGirlsChicago
https://www.dreamgirlschicago.com/asian-escorts.php~Asian Escorts In Chicago At DreamGirlsChicago | Illinois~Everything you can do in Chicago will be even more energizing when you have Chicago Asian escorts to go with you - DreamGirlsChicago
https://www.dreamgirlschicago.com/masseuse-profile.php?escort_id=115~Chicago escort Harriet waiting for your call - DreamGirlsChicago | Illinois~Chicago escort Harriet's profile. She is Blonde-hair American girl with C-Cup bust and she is waiting for your call right now - DreamGirlsChicago
https://www.dreamgirlschicago.com/masseuse-profile.php?escort_id=114~Chicago escort Fabiana waiting for your call - DreamGirlsChicago | Illinois~Chicago escort Fabiana's profile. She is Brunette-hair American girl with B-Cup bust and she is waiting for your call right now - DreamGirlsChicago
https://www.dreamgirlschicago.com/masseuse-profile.php?escort_id=117~Chicago escort Michele waiting for your call - DreamGirlsChicago | Illinois~Chicago escort Michele's profile. She is Blonde-hair Russian girl with C-Cup bust and she is waiting for your call right now - DreamGirlsChicago
https://www.dreamgirlschicago.com/masseuse-profile.php?escort_id=116~Chicago escort Kathy waiting for your call - DreamGirlsChicago | Illinois~Chicago escort Kathy's profile. She is Brunette-hair Russian girl with C-Cup bust and she is waiting for your call right now - DreamGirlsChicago
https://www.dreamgirlschicago.com/masseuse-profile.php?escort_id=119~Chicago escort Zara waiting for your call - DreamGirlsChicago | Illinois~Chicago escort Zara's profile. She is Brunette-hair American girl with B-Cup bust and she is waiting for your call right now - DreamGirlsChicago
https://www.dreamgirlschicago.com/masseuse-profile.php?escort_id=118~Chicago escort Sheila waiting for your call - DreamGirlsChicago | Illinois~Chicago escort Sheila's profile. She is Brunette-hair American girl with D-Cup bust and she is waiting for your call right now - DreamGirlsChicago
