https://www.dreamgirlsorlando.com/~Orlando Escorts | Magnificent Escort Girls At DreamGirlsOrlando | Florida~Get the best Orlando escorts straight to your hotel room in 30 minutes or less. We have the finest escort girls in industry: call DreamGirlsOrlando now!
https://www.dreamgirlsorlando.com/hana.php~Black hair, C-Cup escort girl from Orlando - DreamGirlsOrlando | Florida~Black-hair Asian escort girl Hana waiting for you! Call right now - DreamGirlsOrlando
https://www.dreamgirlsorlando.com/lana.php~Blonde hair, C-Cup escort girl from Orlando - DreamGirlsOrlando | Florida~Blonde-hair Russian escort girl Lana waiting for you! Call right now - DreamGirlsOrlando
https://www.dreamgirlsorlando.com/booking.php~Book Orlando Escorts At DreamGirlsOrlando Using Our Booking Form | Florida~Fill the form for escort booking and you'll meet the girl you choose in 30 minutes or less - DreamGirlsOrlando
https://www.dreamgirlsorlando.com/contact.php~DreamGirlsOrlando Contact Information: Email, Phone, Address | Florida~Get contact details of DreamGirlsOrlando agency: fill the form to contact us, send us an email or call us.
https://www.dreamgirlsorlando.com/dasha.php~Blonde hair, B-Cup escort girl from Orlando - DreamGirlsOrlando | Florida~Blonde-hair American escort girl Dasha waiting for you! Call right now - DreamGirlsOrlando
https://www.dreamgirlsorlando.com/catherine.php~Red hair, C-Cup escort girl from Orlando - DreamGirlsOrlando | Florida~Red-hair American escort girl Catherine waiting for you! Call right now - DreamGirlsOrlando
https://www.dreamgirlsorlando.com/sitemap.php~DreamGirlsOrlando Site Map | Florida~Find any page of DreamGirlsOrlando site using our site map.
https://www.dreamgirlsorlando.com/anastasia.php~Blonde hair, C-Cup escort girl from Orlando - DreamGirlsOrlando | Florida~Blonde-hair Russian escort girl Anastasia waiting for you! Call right now - DreamGirlsOrlando
https://www.dreamgirlsorlando.com/nicolle.php~Black hair, C-Cup escort girl from Orlando - DreamGirlsOrlando | Florida~Black-hair American escort girl Nicole waiting for you! Call right now - DreamGirlsOrlando
https://www.dreamgirlsorlando.com/gem.php~Black hair, C-Cup escort girl from Orlando - DreamGirlsOrlando | Florida~Black-hair Ebony escort girl Gem waiting for you! Call right now - DreamGirlsOrlando
https://www.dreamgirlsorlando.com/amanda.php~Black hair, C-Cup escort girl from Orlando - DreamGirlsOrlando | Florida~Black-hair American escort girl Amanda waiting for you! Call right now - DreamGirlsOrlando
https://www.dreamgirlsorlando.com/christine.php~Brunette hair, C-Cup escort girl from Orlando - DreamGirlsOrlando | Florida~Brunette-hair Asian escort girl Christine waiting for you! Call right now - DreamGirlsOrlando
https://www.dreamgirlsorlando.com/oktabrina.php~Blonde hair, B-Cup escort girl from Orlando - DreamGirlsOrlando | Florida~Blonde-hair Russian escort girl Oktabrina waiting for you! Call right now - DreamGirlsOrlando
https://www.dreamgirlsorlando.com/megan.php~Blonde hair, C-Cup escort girl from Orlando - DreamGirlsOrlando | Florida~Blonde-hair American escort girl Megan waiting for you! Call right now - DreamGirlsOrlando
https://www.dreamgirlsorlando.com/alison.php~Blonde hair, C-Cup escort girl from Orlando - DreamGirlsOrlando | Florida~Blonde-hair American escort girl Alison waiting for you! Call right now - DreamGirlsOrlando
https://www.dreamgirlsorlando.com/sindy.php~Brunette hair, B-Cup escort girl from Orlando - DreamGirlsOrlando | Florida~Brunette-hair American escort girl Sindy waiting for you! Call right now - DreamGirlsOrlando
https://www.dreamgirlsorlando.com/jessica.php~Black hair, D-Cup escort girl from Orlando - DreamGirlsOrlando | Florida~Black-hair American escort girl Jessica waiting for you! Call right now - DreamGirlsOrlando
https://www.dreamgirlsorlando.com/lily.php~Blonde hair, D-Cup escort girl from Orlando - DreamGirlsOrlando | Florida~Blonde-hair Russian escort girl Lily waiting for you! Call right now - DreamGirlsOrlando
https://www.dreamgirlsorlando.com/adriana.php~Blonde hair, C-Cup escort girl from Orlando - DreamGirlsOrlando | Florida~Blonde-hair American escort girl Adriana waiting for you! Call right now - DreamGirlsOrlando
https://www.dreamgirlsorlando.com/alexa.php~Brunette hair, C-Cup escort girl from Orlando - DreamGirlsOrlando | Florida~Brunette-hair Asian & White escort girl Alexa waiting for you! Call right now - DreamGirlsOrlando
https://www.dreamgirlsorlando.com/daisy.php~Black hair, C-Cup escort girl from Orlando - DreamGirlsOrlando | Florida~Black-hair American escort girl Daisy waiting for you! Call right now - DreamGirlsOrlando
https://www.dreamgirlsorlando.com/alena.php~Blonde hair, C-Cup escort girl from Orlando - DreamGirlsOrlando | Florida~Blonde-hair American escort girl Alena waiting for you! Call right now - DreamGirlsOrlando
https://www.dreamgirlsorlando.com/valeria.php~Black hair, C-Cup escort girl from Orlando - DreamGirlsOrlando | Florida~Black-hair American escort girl Valeria waiting for you! Call right now - DreamGirlsOrlando
https://www.dreamgirlsorlando.com/chloe.php~Black hair, C-Cup escort girl from Orlando - DreamGirlsOrlando | Florida~Black-hair Ebony escort girl Chloe waiting for you! Call right now - DreamGirlsOrlando
https://www.dreamgirlsorlando.com/yvonne.php~Brunette hair, C-Cup escort girl from Orlando - DreamGirlsOrlando | Florida~Brunette-hair American escort girl Yvonne waiting for you! Call right now - DreamGirlsOrlando
https://www.dreamgirlsorlando.com/penelope.php~Blonde hair, DD-Cup escort girl from Orlando - DreamGirlsOrlando | Florida~Blonde-hair American escort girl Penelope waiting for you! Call right now - DreamGirlsOrlando
https://www.dreamgirlsorlando.com/alice.php~Brunette hair, B-Cup escort girl from Orlando - DreamGirlsOrlando | Florida~Brunette-hair Asian escort girl Alice waiting for you! Call right now - DreamGirlsOrlando
https://www.dreamgirlsorlando.com/kimey.php~Dark hair, D-Cup escort girl from Orlando - DreamGirlsOrlando | Florida~Dark-hair American escort girl Kimey waiting for you! Call right now - DreamGirlsOrlando
https://www.dreamgirlsorlando.com/kristina.php~Blonde hair, C-Cup escort girl from Orlando - DreamGirlsOrlando | Florida~Blonde-hair Russian escort girl Kristina waiting for you! Call right now - DreamGirlsOrlando
https://www.dreamgirlsorlando.com/outcall-escorts.php~Orlando Outcall Escorts At DreamGirlsOrlando | Florida~Find the best Orlando outcall escorts at DreamGirlsOrlando site. Stop wasting time and call now!
https://www.dreamgirlsorlando.com/elina.php~Black hair, D-Cup escort girl from Orlando - DreamGirlsOrlando | Florida~Black-hair American escort girl Elina waiting for you! Call right now - DreamGirlsOrlando
https://www.dreamgirlsorlando.com/oksana.php~Black hair, C-Cup escort girl from Orlando - DreamGirlsOrlando | Florida~Black-hair American escort girl Oksana waiting for you! Call right now - DreamGirlsOrlando
https://www.dreamgirlsorlando.com/jennifer.php~Black hair, D-Cup escort girl from Orlando - DreamGirlsOrlando | Florida~Black-hair American escort girl Jennifer waiting for you! Call right now - DreamGirlsOrlando
https://www.dreamgirlsorlando.com/victoria.php~Auburn hair, B-Cup escort girl from Orlando - DreamGirlsOrlando | Florida~Auburn-hair American escort girl Victoria waiting for you! Call right now - DreamGirlsOrlando
https://www.dreamgirlsorlando.com/belinda.php~Blonde hair, C-Cup escort girl from Orlando - DreamGirlsOrlando | Florida~Blonde-hair American escort girl Belinda waiting for you! Call right now - DreamGirlsOrlando
https://www.dreamgirlsorlando.com/monica.php~Blonde hair, D-Cup escort girl from Orlando - DreamGirlsOrlando | Florida~Blonde-hair American escort girl Monica waiting for you! Call right now - DreamGirlsOrlando
https://www.dreamgirlsorlando.com/asian-escorts.php~Asian Escorts In Orlando For You At DreamGirlsOrlando | Florida~Our Orlando Asian escorts are hot, open minded and personable. They are waiting to give you total fantasy - call DreamGirlsOrlando for more!
https://www.dreamgirlsorlando.com/body-rubs.php~Orlando Body Rubs At DreamGirlsOrlando | Florida~Our DreamGirlsOrlando girls are always available at all times of the day and night to give you the best Orlando body rubs. Call us now!
https://www.dreamgirlsorlando.com/star.php~Blonde hair, C-Cup escort girl from Orlando - DreamGirlsOrlando | Florida~Blonde-hair Russian escort girl Star waiting for you! Call right now - DreamGirlsOrlando
https://www.dreamgirlsorlando.com/russian-escorts.php~Russian Escorts In Orlando At DreamGirlsOrlando | Florida~Hiring a Russian escort Orlando will guarantee that you get perfect experience! Call us now - DreamGirlsOrlando.
https://www.dreamgirlsorlando.com/jacqueline.php~Black hair, B-Cup escort girl from Orlando - DreamGirlsOrlando | Florida~Black-hair American escort girl Jacqueline waiting for you! Call right now - DreamGirlsOrlando
https://www.dreamgirlsorlando.com/vip-escorts.php~VIP Escorts In Orlando: Available 24/7 At DreamGirlsOrlando | Florida~Search through our Orlando VIP escorts list and get the lady you are dreaming of. We have the finest escorts in industry - DreamGirlsOrlando.
https://www.dreamgirlsorlando.com/ebony-escorts.php~Ebony Escorts In Orlando: The Best Girls At DreamGirlsOrlando | Florida~Find the best selection of ebony escorts in Orlando. Visit DreamGirlsOrlando to get unforgettable experience.
https://www.dreamgirlsorlando.com/erotic-massage.php~Erotic Massage Orlando. Sensual Masseuses At DreamGirlsOrlando | Florida~Our DreamGirlsOrlando masseuses are waiting to make your stay in Orlando memorable. Go ahead and book any of our girls and we will send her right to your hotel room in minutes.
https://www.dreamgirlsorlando.com/employment.php~Join DreamGirlsOrlando Escort Agency | Florida~Searching for escort job? Fill our simple form to join DreamGirlsOrlando agency
https://www.dreamgirlsorlando.com/barbara.php~Dark hair, D-Cup escort girl from Orlando - DreamGirlsOrlando | Florida~Dark-hair Russian escort girl Barbara waiting for you! Call right now - DreamGirlsOrlando
https://www.dreamgirlsorlando.com/nicole.php~Black hair, B-Cup escort girl from Orlando - DreamGirlsOrlando | Florida~Black-hair Ebony escort girl Nicole waiting for you! Call right now - DreamGirlsOrlando
https://www.dreamgirlsorlando.com/gfe.php~Orlando Girlfriend Experience (GFE) At DreamGirlsOrlando | Florida~Call 407-845-7169 for GFE in Orlando. Search through our huge list of girls at DreamGirlsOrlando site.
https://www.dreamgirlsorlando.com/backpage.php~Backpage Alternative Escorts At DreamGirlsOrlando | Florida~Enjoy with Backpage escorts girls without any worries as we are the best alternative to this well known site - DreamGirlsOrlando.
https://www.dreamgirlsorlando.com/jolie.php~Orlando masseuse Jolie - DreamGirlsOrlando | Florida~Experienced masseuse Jolie waiting for you call. Get the best erotic massage in Orlando with DreamGirlsOrlando
https://www.dreamgirlsorlando.com/carol.php~Orlando masseuse Carol - DreamGirlsOrlando | Florida~Experienced masseuse Carol waiting for you call. Get the best erotic massage in Orlando with DreamGirlsOrlando
https://www.dreamgirlsorlando.com/sasha.php~Orlando masseuse Sasha - DreamGirlsOrlando | Florida~Experienced masseuse Sasha waiting for you call. Get the best erotic massage in Orlando with DreamGirlsOrlando
https://www.dreamgirlsorlando.com/milana.php~Orlando masseuse Milana - DreamGirlsOrlando | Florida~Experienced masseuse Milana waiting for you call. Get the best erotic massage in Orlando with DreamGirlsOrlando
https://www.dreamgirlsorlando.com/jakelyn.php~Orlando masseuse Jakelyn - DreamGirlsOrlando | Florida~Experienced masseuse Jakelyn waiting for you call. Get the best erotic massage in Orlando with DreamGirlsOrlando
https://www.dreamgirlsorlando.com/olga.php~Orlando masseuse Olga - DreamGirlsOrlando | Florida~Experienced masseuse Olga waiting for you call. Get the best erotic massage in Orlando with DreamGirlsOrlando
